id,summary,column_name,title,cover,published_at,extraction_tags,favourite_num
5147912,买房者非常回避的“凶宅”，突然以‘抢手货“的姿态进入大众视野,One More Thing,凶宅折扣与买房焦虑,https://pic.36krcnd.com/201808/13043554/wmtl4facbjarrjmc!heading,2018-08-13T12:36:19+08:00,"[[""媒体"",1],[""金融"",1],[""存量房"",1],[""房地产"",1],[""银行"",2]]",0
5147841,只有把信息拆解，让它们各循道路，真正流动起来，才能摆脱「囤积」和「熟悉」的桎梏。,职场漫谈,别让「知道的幻觉」，毁了你的学习和成长,https://pic.36krcnd.com/201808/12233137/5j29pgc677h9u7h4!heading,2018-08-13T12:36:05+08:00,"[[""金融"",1],[""大公司"",1],[""深度"",1],[""随手记"",2],[""微信"",2],[""电影"",2]]",0
5147855,下一个小B端的“拼多多”？,消费,最前线丨唯品会出了个“唯品仓”App，依靠微信社交做起批发代购的生意,https://pic.36krcnd.com/201808/13041513/8mggycavhwry6o2j!heading,2018-08-13T12:30:13+08:00,"[[""大公司"",1],[""社交"",1],[""电商"",1],[""唯品会"",2],[""微信"",2],[""腾讯"",2],[""消费升级"",2],[""微博"",2]]",0
5147910,下一阶段，中国人民银行将紧紧围绕服务实体经济、防控金融风险、深化金融改革三项任务，创新和完善金融宏观调控，保持政策的连续性和稳定性，提高政策的前瞻性、灵活性、有效性,One More Thing,央行：保持货币政策的稳健中性 ，管住供给总闸门,https://pic.36krcnd.com/201808/13042938/xexaz3dnzpaykuno!heading,2018-08-13T12:29:44+08:00,"[[""金融"",1],[""房企"",1],[""教育"",1],[""房地产"",1],[""租房"",2]]",0
13253,16年积淀起650亿美元资产，一个月尽毁。其中到底发生了什么？《房间里最聪明的人》，带你看能源巨头安然公司的世纪丑闻。,商业·氪视频,5分钟看《安然：房间里最聪明的人》，一场金钱和人性的较量,https://pic.36krcnd.com/201808/09104738/b0dzwqbh87idkhdg!heading,2018-08-13T12:19:13+08:00,"[[""商业地产"",1],[""金融"",1],[""知识服务"",2]]",0
5147876,注重内容的“好玩”属性吸引更多的年轻用户，是体育视频平台的取胜之匙。,内容,“体育视频下半场”：巨头不仅仅充当版权的搬运工,https://pic.36krcnd.com/201808/13035555/bxipkgx35big5xga!heading,2018-08-13T12:17:45+08:00,"[[""体育"",1],[""消费"",1],[""媒体"",1],[""版权"",2],[""视频网站"",2]]",0
5147907,在融资趋紧的背景下，频繁的股权质押已经成了房企的重要融资方式。据wind数据，截至8月7日，A股中股权质押比例超过50%的房企多达13家。,金融,房企股权质押规模居A股第一,https://pic.36krcnd.com/201808/13040912/65gz0f0q38jjmniv!heading,2018-08-13T12:10:44+08:00,"[[""金融"",1],[""房企"",1],[""存量房"",1],[""房地产"",1],[""股票"",2],[""资产管理"",2]]",0
5147894,作为会员制仓储超市代表的 Costco 成立于70年代的美国，中国将是它拓展的第八个海外市场。,消费,超市业态竞争加剧，Costco们进驻中国靠的是什么？,https://pic.36krcnd.com/201808/13033818/fcayd1neuajyeenq!heading,2018-08-13T12:10:05+08:00,"[[""消费"",1],[""电商"",1],[""深度"",1],[""零售"",2],[""商超"",2],[""旅行"",2],[""仓储"",2],[""文化"",2]]",0
5147871,删繁去简的“办公即服务”在联合办公空间市场能走多远？,商业地产,联合办公空间「梦想加」完成 1.2 亿美元 C 轮融资，OaaS 办公服务撬动千亿市场,https://pic.36krcnd.com/201808/13033758/41agx2kpk5txg2cb!heading,2018-08-13T12:07:48+08:00,"[[""房地产"",1],[""联合办公"",2]]",0
5147895,网红食品不仅可以帮助他们在众多店铺中进行筛选，还可以让他们在享受和体验的过程中，增加一枚社交货币。,消费,稻香村打造高端甜品店，这可是最新网红打卡地,https://pic.36krcnd.com/201808/13033702/dhlo7lnrgf3luq96!heading,2018-08-13T12:01:04+08:00,"[[""社交"",1],[""大公司"",1],[""文娱"",1],[""腾讯"",2],[""网红"",2],[""文化"",2],[""大众"",2],[""转型"",2]]",0
5147904,在接下来的房地产调控中，尤其是在房价上涨冲动有所抬头的时候，绝对不会出现放松的迹象，所以个人住房贷款利率继续上涨仍是大趋势。,One More Thing,个人住房贷款利率还有上涨空间,https://pic.36krcnd.com/201808/13035556/s6e283t8ykr83c45!heading,2018-08-13T11:56:21+08:00,"[[""金融"",1],[""市场"",1],[""房地产"",1],[""政策"",1],[""城市"",1],[""房价"",2]]",0
5147843,Magic Leap One的确挺酷，但问题是：它能赚到钱吗？,前沿技术,Magic Leap 头盔是“有真本事”的，但问题是没人会买,https://pic.36krcnd.com/201808/12233708/llkn2qemrcw4alon!heading,2018-08-13T11:48:16+08:00,"[[""前沿科技"",1],[""AR应用"",2]]",0
5147897,“虽然很遗憾联想之星没投资我们，但是柳青来到了滴滴。”,基金动态,投出思必驰、乐逗游戏、燃石医学 联想之星如何从“蒙着打”到“瞄着打”？,https://pic.36krcnd.com/201808/13033248/5tzz5gzbki9vnuhu!heading,2018-08-13T11:36:04+08:00,"[[""投资机构"",1],[""投资"",1],[""人工智能"",1],[""联想之星"",2],[""基因检测"",2],[""人脸识别"",2]]",0
13403,迪拜的建筑高耸入云迪拜的街头豪车成堆这样一个富裕的地方甚至连乘坐公交车都要追求极致的享受这款公交车造价高达7600万人民币但如此贵的公交车门票却是很亲民,科技·氪视频,迪拜公交车，似加长版兰博基尼，车票仅2元,https://pic.36krcnd.com/201808/11095607/di2a0n24ma0qnze1!heading,2018-08-13T11:33:38+08:00,"[[""前沿科技"",1],[""智能生活"",2]]",0
5147884,打响区块链防腐第一枪。,区块链,雄安用区块链技术管理超10亿元工程款，可有效防止资金挪用,https://pic.36krcnd.com/201808/13030947/kamj02d1ofg8onxj!heading,2018-08-13T11:25:11+08:00,"[[""金融"",1],[""企业服务"",1],[""比特币"",2],[""SaaS"",2],[""记账工具"",2]]",0
5147887,下一个借鉴 Apple Store 风格又会是什么品牌呢？,消费,我走进一家 Apple Store，却发现这是一家麦当劳,https://pic.36krcnd.com/201808/13031812/0xh17nmhajq8udhe!heading,2018-08-13T11:22:09+08:00,"[[""大公司"",1],[""消费"",1],[""汽车"",1],[""特斯拉"",2],[""苹果"",2],[""微软"",2],[""索尼"",2],[""星巴克"",2]]",0
5147875,共有 16 家初创公司获得总计 4.129 亿美元融资。,基金动态,硅谷一周融资速报：16 家公司获总计超 4.12 亿美元融资,https://pic.36krcnd.com/201808/13030820/pwg6gb6w2oaaaq83!heading,2018-08-13T11:10:14+08:00,"[[""大公司"",1],[""金融"",1],[""企业服务"",1],[""高通"",2],[""孵化器"",2],[""区块链"",2],[""机器人"",2],[""硅谷"",2]]",0
5147846,华为和小米都曾经半自黑式的宣称拥有“吓人”或“很吓人”的技术，余承东的底牌是什么？,手机与硬件,华为和苹果，到底谁站在C位？,https://pic.36krcnd.com/201808/13002753/tbbvqlv2mxbdgnty!heading,2018-08-13T11:08:31+08:00,"[[""大公司"",1],[""消费"",1],[""智能硬件"",1],[""华为"",2],[""苹果"",2],[""三星"",2],[""小米"",2],[""智能手机"",2]]",0
5147647,创丰资本的投后管理理念，是要把90%的精力花在最好的10%的项目上。投资公司最宝贵的东西不是钱，而是团队的精力所在、关注所在。,人物,创丰资本彭震：德州扑克与投资系列（5-8）,https://pic.36krcnd.com/201808/10092935/nwy4ovn9vzzccg88!heading,2018-08-13T11:00:37+08:00,"[[""投资机构"",1],[""投资"",1],[""金融"",1],[""创丰资本"",2],[""并购"",2],[""合伙人"",2]]",0
13046,大数据时代，我们的每次注册和访问都会留下痕迹，越来越多的用户为了保护自己的隐私，请求“被遗忘”。,知识·氪视频,故去后我们的APP账号怎么办？每个人都有权被遗忘,https://pic.36krcnd.com/201808/08080041/a5pml751ln07b882!heading,2018-08-13T10:51:06+08:00,"[[""企业服务"",1],[""信息安全"",2]]",0
5147863,黄渤在日本屋久海岛上筑起了一个魔幻现实的世界，他的“桃花源”搬进了电影《一出好戏》。,娱乐,黄渤将收割最后的暑期档,https://pic.36krcnd.com/201808/13021536/dulyjgqgfxm6ob4d!heading,2018-08-13T10:44:10+08:00,"[[""文娱"",1],[""人物"",1],[""企业服务"",1],[""电影"",2],[""法律"",2],[""安全"",2]]",0
5147865,特价机票虽然价格便宜，但往往蕴藏着更大风险。,大公司,机票预订“低价陷阱”：携程去哪儿为什么屡遭诟病,https://pic.36krcnd.com/201808/13021552/6el3kbdm4ftvk5dh!heading,2018-08-13T10:21:42+08:00,"[[""大公司"",1],[""旅游"",1],[""去哪儿"",2],[""携程"",2],[""机票"",2]]",0
5147857,虽然大家都是用的是RISC-V指令集架构，但由于团队的设计能力不同，会使得芯片的性能和用途也有较大差异。,人工智能,基于RISC-V开源指令集，「新帆」要自主研发高并发、多线程、低功耗芯片内核,https://pic.36krcnd.com/201808/13014811/zuiv7l58r3u40t9r!heading,2018-08-13T09:49:41+08:00,"[[""人工智能"",1],[""物联网"",1],[""大公司"",1],[""芯片"",2],[""英伟达"",2],[""新材料"",2],[""华为"",2],[""三星"",2]]",0
13448,养老又出一好消息！这个省养老金增长额终于定了，快看看涨了多少,商业·氪视频,社保好消息：养老金调整到位了，这些人的养老金都将大幅度上涨,https://pic.36krcnd.com/201808/13013650/mry0x808xkxjpbd3!heading,2018-08-13T09:37:21+08:00,[],0
5138307,被Line friends看中，会再次引爆年轻人市场吗？,消费,36氪首发 | 戴上墨镜拍视频，前脸萌团队创办科技潮牌「TONOT」获数千万元A+轮融资,https://pic.36krcnd.com/201808/13011632/2j7ja5hwmcsm2bhw!heading,2018-08-13T09:32:28+08:00,"[[""媒体"",1],[""社交"",1],[""人工智能"",1],[""社交媒体"",2],[""无人机"",2],[""腾讯"",2],[""硬件"",2],[""snapchat"",2]]",0
5147850,即使在三六零股价已经腰斩的今天，周鸿祎与参与私有化的机构投资者，依然有超过100%的收益。,金融,读完237页回复报告后，我对360的百亿定增案忧心忡忡,https://pic.36krcnd.com/201808/13004037/hija9ahfvdorcwtf!heading,2018-08-13T08:41:32+08:00,"[[""游戏"",1],[""金融"",1],[""投资"",1],[""理财"",2],[""银行"",2],[""微信"",2],[""手游"",2],[""财报"",2]]",0
5147748,语忆科技已经与平安财险、 微企等客户开展合作。,人工智能,Update | 将情绪识别用于客服监控质检，「语忆科技」完成千万元级Pre-A轮融资,https://pic.36krcnd.com/201808/11153852/4lerahl43sq6fer0!heading,2018-08-13T08:41:31+08:00,"[[""人工智能"",1],[""企业服务"",1],[""中国联通"",2],[""京东"",2],[""机器人"",2],[""天使湾创投"",2],[""软银"",2]]",0
5147849,产品设计有时候像是一场赌博，没有百分之百的验证方案。,娱乐,上“热搜”推“弹窗”，做加法的快手是卸了包袱还是上了赌桌？,https://pic.36krcnd.com/201808/13003503/8bwxmfbl4y77ta7y!heading,2018-08-13T08:35:28+08:00,"[[""文娱"",1],[""社交"",1],[""大公司"",1],[""短视频"",2],[""微博"",2],[""顺为资本"",2],[""知乎"",2],[""音乐"",2]]",0
13457,01/目前国内智能手机销量 第一是它02/魅族16考虑香港发售03/短视频平台投资遇冷04/小米海外推子品牌,科技·氪视频,科技日报：目前国内智能手机销量榜，短视频平台投资遇冷,https://pic.36krcnd.com/201808/12160416/4klkkwo47g58pdf6!heading,2018-08-13T08:31:27+08:00,"[[""大公司"",1],[""智能硬件"",1]]",0
5146659,若中国的新药企业能抓住 2018 - 2020 这 3 年的窗口期，就仍有切割国内新药市场的可能。,医疗健康,36氪新风向 | 资本蜂拥而入的创新药市场，哪类新药企业更有机会？,https://pic.36krcnd.com/201808/05203727/jzkglgludos0zk6b!heading,2018-08-13T08:31:05+08:00,"[[""投资"",1],[""医疗健康"",1],[""港股"",2],[""香港"",2],[""医疗"",2]]",0
5147847,你知道如何选择学校和专业吗？你知道团队与个人如何连接吗？你知道如何提高用户留存吗？这三个看似无关的问题都可以用一个方式解决。,技能Get,爆款的诞生：如何利用框架打造让用户不能拒绝的产品,https://pic.36krcnd.com/201808/13003002/bsakccjcakk6otvc!heading,2018-08-13T08:30:30+08:00,"[[""游戏"",1],[""大公司"",1],[""企业服务"",1],[""微信"",2],[""监控"",2],[""社区"",2]]",0
5146957,猫狗双全，已然是当代年轻人的理想生活。,消费,原创宠物短视频，电商自媒体平台「为它」想做宠物界的“一条”,https://pic.36krcnd.com/201808/10114149/dmhcj2u185n91486!heading,2018-08-13T08:08:05+08:00,"[[""电商"",1],[""媒体"",1],[""消费"",1],[""自媒体"",2],[""短视频"",2],[""宠物"",2],[""影视"",2]]",0
5146985,两分钟完成在线定制，7天急速发货。,消费,2分钟测体，7天到货，男装订制品牌「MatchU」日订单达3千单，年营收增速超30倍,https://pic.36krcnd.com/201808/12170125/jvfj3esevd4bquao!heading,2018-08-13T08:07:04+08:00,"[[""小程序"",1],[""消费"",1],[""电商"",1],[""男装"",2],[""消费升级"",2],[""硬件"",2],[""微信"",2],[""服装"",2]]",0
5147347,核心是围绕“人”来做服务,教育,36氪首发 | 获 3000 万元 A+ 轮融资，「勺子课堂」要 all in 餐饮职业教育,https://pic.36krcnd.com/201808/12042433/kqwequxccow5ek89!heading,2018-08-13T08:07:04+08:00,"[[""餐饮"",1],[""教育"",1],[""华创资本"",2],[""青松基金"",2],[""职业教育"",2]]",0
5147845,2018 年的 iPhone X Lite 是苹果正式踏入「下一个十年」的代表作。,手机与硬件,看完三款新 iPhone 机模上手，我更期待接下来的苹果发布会了,https://pic.36krcnd.com/201808/13000402/43ynau2i0ocdw1zb!heading,2018-08-13T08:06:37+08:00,"[[""大公司"",1],[""消费"",1],[""智能硬件"",1],[""苹果"",2],[""智能手机"",2]]",0
5147530,构建了“智能硬件+手机APP+医学运动治疗中心”的全方位运动康复和慢病管理体系~,医疗健康,36氪首发 | 基于“数字药品”开展大规模临床研究，「术康」获4000万元B轮融资,https://pic.36krcnd.com/201808/10014744/xym35uup8di73oko!heading,2018-08-13T08:02:05+08:00,"[[""智能硬件"",1],[""医疗健康"",1],[""保险"",2],[""硬件"",2],[""重庆"",2],[""监控"",2],[""成都"",2]]",0
5147842,“时代太好，感觉睡觉都在浪费时间。”,人物,盘点：孙正义背后的“自动驾驶帝国”,https://pic.36krcnd.com/201808/12233852/wuzvgqalgo5ksv3f!heading,2018-08-13T07:51:12+08:00,"[[""大公司"",1],[""投资"",1],[""人工智能"",1],[""芯片"",2],[""机器人"",2],[""智能汽车"",2]]",0
5147838,影视行业还是未能在抖音摸出一套可以复制的方法论,娱乐,影视营销拥抱抖音，想说爱你不容易,https://pic.36krcnd.com/201808/12232931/ktxha7s85pjcmo8t!heading,2018-08-13T07:50:40+08:00,"[[""文娱"",1],[""大公司"",1],[""短视频"",2],[""影视"",2],[""社交媒体"",2],[""音乐"",2]]",0
5147839,作者揣测，如同美团代表不了王兴一样，拼多多也代表不了黄峥。,消费,今日黄峥，昨日王兴,https://pic.36krcnd.com/201808/12234817/i1uas8d0l4d1soc7!heading,2018-08-13T07:49:51+08:00,"[[""金融"",1],[""游戏"",1],[""大公司"",1],[""保险"",2],[""淘宝"",2],[""微信"",2]]",0
5147833,预计腾讯上半年利润增14.8-26.8%,8点1氪,8点1氪 | 腾讯股票下跌海外投行仍看好；虎牙二次元月活用户超1000万；锂电池车极限或在2023年,https://pic.36krcnd.com/201808/12233758/tqwb0nia9sjeqnvj!heading,2018-08-13T07:48:03+08:00,"[[""大公司"",1],[""交通出行"",1],[""腾讯"",2]]",0
5147844,这位44岁的男人，似乎要再次上演大器晚成和一鸣惊人的戏码。,娱乐,黄渤总在渴望“一出好戏”,https://pic.36krcnd.com/201808/12234541/pfjq55ay6piuegjm!heading,2018-08-13T07:45:48+08:00,"[[""金融"",1],[""大公司"",1],[""媒体"",1],[""彩票"",2],[""豆瓣"",2],[""电影"",2],[""广州"",2],[""北京"",2]]",0
5147528,​作为粉丝电影来论，《爱情公寓》比《小时代》、《栀子花开》还要差。,娱乐,票房观察  | “宰粉丝一刀就走”，《爱情公寓》偷走了票房、毁掉了IP,https://pic.36krcnd.com/201808/10122515/lo308ewewtfgrf0o!heading,2018-08-13T07:29:04+08:00,"[[""大公司"",1],[""社交"",1],[""游戏"",1],[""豆瓣"",2],[""电影"",2],[""大众"",2]]",0
5147308,相比于AI、物联网，区块链有更大的变数。,前沿技术,华创资本熊伟铭：移动互联网下半场难出巨头，区块链没准儿能搞出“大家伙”,https://pic.36krcnd.com/201808/11174939/lstzyv1zaxqe4jat!heading,2018-08-13T07:26:09+08:00,"[[""人工智能"",1],[""大公司"",1],[""企业服务"",1],[""芯片"",2],[""英伟达"",2],[""区块链"",2],[""华创资本"",2],[""小米"",2]]",0
5147840,在经历了最好的时机和最残酷的洗礼后，山寨文化“褪下”昔日的荣光，华强北正式进入升级改造，OPPO则进入国产四强共同抢下七成市场，中小品牌逐渐消失。,手机与硬件,渠道变奏，OPPO在华强北开出“超级旗舰店”,https://pic.36krcnd.com/201808/12232544/am95ss4onsdcz7cv!heading,2018-08-13T07:25:54+08:00,"[[""大公司"",1],[""消费"",1],[""游戏"",1],[""华为"",2],[""零售"",2],[""小米"",2],[""vivo"",2],[""智能手机"",2]]",0
5147835,格力做手机的确不是玩玩的，目前其已投入了数亿元。,手机与硬件,赌约期限渐近，格力手机销量仍是一笔“糊涂账”，家电企业做手机优势何在,https://pic.36krcnd.com/201808/12231932/cp417cw3rkwpjxeq!heading,2018-08-13T07:24:19+08:00,"[[""大公司"",1],[""智能家居"",2],[""小米"",2],[""联想"",2],[""华为"",2]]",0
5147837,市场仍然不太相信这个私有化过程会发生。,汽车交通,特斯拉董事会下周与银行会见，私有化价格或超每股420美元,https://pic.36krcnd.com/201808/12232146/ltq2cpfz5srykqox!heading,2018-08-13T07:22:52+08:00,"[[""大公司"",1],[""金融"",1],[""投资"",1],[""特斯拉"",2],[""股票"",2],[""银行"",2],[""戴尔"",2]]",0
5147836,有狂欢的地方必有人浑水摸鱼。,人工智能,人工智能的虚火烧出一地尸骨,https://pic.36krcnd.com/201808/12232004/4v27wx29siqqok5i!heading,2018-08-13T07:20:09+08:00,"[[""人工智能"",1],[""投资"",1],[""游戏"",1],[""数据分析"",2],[""机器人"",2],[""无人机"",2],[""机器学习"",2],[""高盛"",2]]",0
5147834,手机业和电视圈之间的跨界，在未来或将更为频繁。,大公司,vivo、OPPO、华为被传“造电视”，或采取代工模式搅局传统市场,https://pic.36krcnd.com/201808/12231313/uhnwecwe6mtjpgw0!heading,2018-08-13T07:16:34+08:00,"[[""大公司"",1],[""物联网"",1],[""金融"",1],[""vivo"",2],[""华为"",2],[""智能家居"",2],[""小米"",2]]",0
5147662,人工智能酒店再也不是电影里的虚幻情节，现在你已经可以直接走进线下实体店体验。,大公司,传统住宿智能化门店投入运营，“AI+开房”是一种怎样的体验？,https://pic.36krcnd.com/201808/10104204/h6bd8asdlqpp0evc!heading,2018-08-13T07:09:05+08:00,"[[""企业服务"",1],[""大公司"",1],[""人工智能"",1],[""云计算"",2],[""腾讯"",2],[""大数据"",2]]",0
5147803,​市场数据预测 ， 2017 年视频内容将会占据全球网络 74% 的流量，全球在线视频广告市场规模将会达到 190 亿美元。,人工智能,让机器一键自动生成短视频，「智影」获头头是道基金数千万投资,https://pic.36krcnd.com/201808/12092520/8tnbk2qm1533yam0!heading,2018-08-13T07:06:04+08:00,"[[""文娱"",1],[""投资"",1],[""大公司"",1],[""短视频"",2],[""微软"",2],[""清流资本"",2],[""内容创业"",2],[""今日头条"",2]]",0
5147832,这些明星企业又有负面新闻了。,大公司,一周黑榜 | 摩拜女员工举报领导性骚扰；腾讯云“数据丢失事件”,https://pic.36krcnd.com/201808/12190254/fc5et52dopcdbhhq!heading,2018-08-13T03:03:34+08:00,"[[""大公司"",1],[""阿里云"",2],[""共享单车"",2]]",0
5147827,年轻不一定是短板，也可能代表了“用户视角”,教育,职业前教育还能怎么做？Pathrise 主打“同辈经验”,https://pic.36krcnd.com/201808/12162149/64ft2oszjz560gb3!heading,2018-08-13T00:23:19+08:00,"[[""教育"",1]]",0
13190,这是白岩松在一刻talks的演讲，白岩松表示十年后的自己，也一定是个可爱的老头。他希望未来中国的老头老太太都这样，体型保持得好一点，多穿点好看的，别很多东西不舍得扔，别在孩子眼中是讨厌的父母，像你曾经讨厌过的一样。,生活·氪视频,白岩松：未来的好中国一定是有好老头好老太太的中国,https://pic.36krcnd.com/201808/09074003/ypvc396howxgrb3o!heading,2018-08-12T23:56:19+08:00,"[[""文娱"",1],[""人物"",1],[""谈资"",1],[""彩生活"",2],[""智能生活"",2]]",0
5147830,这意味着2022年法国的公交车可能都会变成无人驾驶。,汽车交通,法国政府全面支持自动驾驶，2022年要“全面实现”,https://pic.36krcnd.com/201808/12154101/ihqfpgh10fjb6yd3!heading,2018-08-12T23:46:21+08:00,"[[""物流"",1],[""人工智能"",1],[""汽车"",1],[""快递"",2],[""机器人"",2],[""法律"",2],[""无人驾驶"",2],[""交通"",2]]",0
5147814,除了产品本身之外，KnowRe 的商业路径也和国内的同类产品不大相同,教育,韩国“学而思” Daekyo 收购数学自适应课程平台 KnowRe，线下教育巨头的技术化？,https://pic.36krcnd.com/201808/12151340/aohion66tqlj7gjy!heading,2018-08-12T23:40:50+08:00,"[[""教育"",1],[""游戏"",1],[""在线教育"",2],[""收购"",2]]",0
5147613,三星不会造整车，而是立志成为汽车供应链的高科技供应商。,大公司,三星电子建立自动驾驶部门，押注汽车产业,https://pic.36krcnd.com/201808/11033422/vd7qavsdg82bo7eg!heading,2018-08-12T23:21:36+08:00,"[[""大公司"",1],[""人工智能"",1],[""消费"",1],[""三星"",2],[""芯片"",2],[""智能手机"",2],[""谷歌"",2],[""智能出行"",2]]",0
13335,风投女王徐新：CEO最重要的特质是要能看到别人看不到的东西,商业·氪视频,风投女王徐新：CEO最重要的特质是要能看到别人看不到的东西,https://pic.36krcnd.com/201808/10080651/jyaa4hi5n0kjredo!heading,2018-08-12T23:16:06+08:00,"[[""投资机构"",1],[""孵化器"",2],[""VC"",2]]",0
5147825,雷诺在欧洲面临的市场和中国不大一样。,汽车交通,雷诺电动车副总裁：锂电池车的极限或在2023年,https://pic.36krcnd.com/201808/12144625/z7xt1v3wyj15pi6w!heading,2018-08-12T22:58:06+08:00,"[[""大公司"",1],[""城市"",1],[""市场"",1],[""特斯拉"",2],[""大众"",2]]",0
5147517,工业4.0能带来什么？上汽大众给出了这样的答案。,汽车交通,德国工业4.0来到中国，揭秘上汽大众宁波工厂,https://pic.36krcnd.com/201808/10080958/qthieq6l3d4pn8ek!heading,2018-08-12T22:50:05+08:00,"[[""工业4.0"",1],[""人工智能"",1],[""大公司"",1],[""芯片"",2],[""机器人"",2],[""大众"",2]]",0
12806,经济衰退催生了关税法案，关税法案又加剧了经济崩塌，贸易体系的确立也验证了经典的“不破不立”。,知识·氪视频,史上最狠加税法案竟推动了WTO诞生，当时到底发生了什么？,https://pic.36krcnd.com/201808/06093138/abrb23y5bvs95gaw!heading,2018-08-12T22:36:06+08:00,"[[""金融"",1],[""理财"",2]]",0
5147823,纽约市议会最新投票通过了对网约车公司的数量进行限制的提案，司机们的最低工资标准也将通过立法得以保障,汽车交通,纽约成全球首个限制网约车数量的大城市,https://pic.36krcnd.com/201808/12142949/q6ulirl9ef29mufq!heading,2018-08-12T22:33:21+08:00,"[[""媒体"",1],[""大公司"",1],[""城市"",1],[""微信"",2],[""交通"",2],[""安全"",2]]",0
5147822,在美国，真的有一小撮人，专门监测中国公司。一有风吹草动，马上看准时机，火上浇油大肆讨伐，不仅收割中国财富，更有道德舆论背书。,大公司,那些盯着中国公司的美国“秃鹫”,https://pic.36krcnd.com/201808/12142012/dkyaua13swzk5hbr!heading,2018-08-12T22:22:28+08:00,,0
5147815,这一系统的运用，能够缓解中小企业的融资压力，从而形成整个产业链的良性运转。,区块链,金融壹账通与福田金融合作发布“福金 ALL-Link 系统”,https://pic.36krcnd.com/201808/12132727/c5hfwy6ielkbmcl5!heading,2018-08-12T22:15:19+08:00,"[[""前沿科技"",1],[""财富管理"",2],[""区块链"",2]]",0
12677,鲸选未来店定位于面对年轻人的一站式消费综合业态。世纪联华形容鲸选未来是”一个融合黑科技、美食娱乐、次世代购物于一体的。线下体验线上服务的体验式新零售实体店。鲸选未来究竟是一家怎样的店，一起去看看吧！,商业·氪视频,世纪联华试水新零售，独家探秘中国第一家号称最有未来感的超市,https://pic.36krcnd.com/201808/03144459/9sm732i2ylp84jp2!heading,2018-08-12T21:56:07+08:00,"[[""消费"",1],[""大公司"",1],[""餐饮"",1],[""媒体"",1],[""消费金融"",2],[""支付"",2],[""新零售"",2],[""自媒体"",2],[""IP运营"",2]]",0
5147620,Zomato 是印度使用人数最多的美食点评网站。,消费,创业十载，看Zomato如何打造“印度版美团点评”,https://pic.36krcnd.com/201808/10093639/8p0czirh5726859a!heading,2018-08-12T21:31:04+08:00,"[[""投资"",1],[""投资机构"",1],[""大公司"",1],[""蚂蚁金服"",2],[""美团点评"",2],[""淡马锡"",2],[""数据库"",2],[""阿里巴巴"",2]]",0
13401,全球50%的人都迷恋的漫威超级英雄，为何能伟大到让人落泪,商业·氪视频,全球50%的人都迷恋的漫威超级英雄，为何能伟大到让人落泪,https://pic.36krcnd.com/201808/11003219/5nkgv9ui46yqryc1!heading,2018-08-12T21:15:24+08:00,"[[""大公司"",1],[""文娱"",1],[""漫画"",2]]",0
5147812,将自己比为幼儿园里的Airbnb,教育,优质幼托资源稀缺，获 2000 万美元融资的「Wonderschool」想要孵化更多家庭幼儿园,https://pic.36krcnd.com/201808/12123137/6qtd1qkd9j6b231w!heading,2018-08-12T20:34:44+08:00,"[[""教育"",1],[""社区"",2]]",0
5147779,硅谷增长专家 Andrew Chen 最新博客分享,技能Get,都在把日活/月活当重要指标，但它真的适合你吗？,https://pic.36krcnd.com/201808/12044627/65csdye6aj9q88os!heading,2018-08-12T20:31:05+08:00,,0
5147716,敌军数量八十人以上，他们却能不开枪、不动手，安然离开。,技能Get,海豹部队特种兵实用技能：训练自己控制恐惧，关键时刻不掉链子,https://pic.36krcnd.com/201808/12094530/jdx2kmrqznqlcd2h!heading,2018-08-12T20:31:04+08:00,"[[""职场"",1],[""职场技能"",2]]",0
5147813,吴忌寒不再是那个在淘宝网上尝试用比特币买鞋的青葱少年了。,区块链,神秘大咖浮出水面，深扒比特大陆IPO之路,https://pic.36krcnd.com/201808/12121737/yhxyvbkyulspj697!heading,2018-08-12T20:26:59+08:00,"[[""人工智能"",1],[""投资"",1],[""大公司"",1],[""芯片"",2],[""华为"",2],[""比特币"",2],[""英伟达"",2],[""软银"",2]]",0
5147809,非洲是否有逆袭的可能？,区块链,非洲监管机构不愿率先对加密货币进行监管，“比特币沃土”能否逆袭？,https://pic.36krcnd.com/201808/12100741/1r7sfsx9ghwi7pql!heading,2018-08-12T20:25:56+08:00,"[[""金融"",1],[""区块链"",2]]",0
5147805,通过将复杂的视觉和空间数据，转化为“实时模拟现实”，使计算机能够解决现实世界中的问题。,前沿技术,基于物理世界构建“实时模拟现实”，「SenSat」帮助基建公司进行高效模拟实验,https://pic.36krcnd.com/201808/12113509/07d6r68aseqror1a!heading,2018-08-12T19:58:38+08:00,"[[""人工智能"",1],[""前沿科技"",1],[""无人机"",2],[""无人驾驶"",2],[""交通"",2]]",0
13377,炒股风险高，，收益也高，那么你觉得炒股到底能不能当成职业来做？“股民”和“赌民”之间又有什么区别？原来小白和老股民之间的见解差别这么大！,商业·氪视频,股民形象大揭秘：原来门外汉眼里的股民竟是这样的？,https://pic.36krcnd.com/201808/10105909/7qkybakfvxr6vfkc!heading,2018-08-12T19:49:25+08:00,"[[""金融"",1],[""交通出行"",1],[""消费"",1],[""大公司"",1],[""企业服务"",1],[""前沿科技"",1],[""人工智能"",1],[""职场"",1],[""人物"",1],[""出海"",1],[""投资"",1],[""B2B"",1],[""海外"",1],[""市场"",1],[""财富管理"",2],[""财报"",2],[""港股"",2],[""股票"",2],[""金融科技"",2]]",0
5147810,我的天哪，我究竟“死”没“死”......,人工智能,医学和 AI 的进步能够保存“仿真大脑”、让人“永生”？,https://pic.36krcnd.com/201808/12110035/13nfyo6apl9tuap7!heading,2018-08-12T19:14:33+08:00,"[[""人工智能"",1],[""大公司"",1],[""文娱"",1],[""机器人"",2],[""微信"",2]]",0
5147811,以及，外国投资者占印度尼西亚并购交易的一半；oBike被指停业前将1000万元用户押金汇到香港。,大公司,东南亚创投周报 | 京东首个海外无人超市落户雅加达；新加坡电商Lazada免除商家手续费,https://pic.36krcnd.com/201808/12105528/9py45lia7koetrik!heading,2018-08-12T18:56:32+08:00,"[[""出海"",1],[""投资"",1],[""大公司"",1],[""阿里云"",2],[""区块链"",2],[""京东"",2],[""银行"",2],[""经纬中国"",2]]",0
5147799,美国每年仅下腰痛的总费用支出约为1000亿美元 ，Hinge Health表示它可以将该成本降低一半。,医疗健康,帮助企业员工缓解慢性病疼痛，「Hinge Health」获2600万美元B轮融资,https://pic.36krcnd.com/201808/12084802/rsrgxhenswka25ei!heading,2018-08-12T18:55:03+08:00,"[[""投资"",1],[""医疗健康"",1],[""医疗"",2]]",0
5147806,能否打过 Steam？,娱乐,1.5 亿注册用户、腾讯投资，游戏语音软件「Discord」要开始卖游戏了,https://pic.36krcnd.com/201808/12103836/yxn14v7zs1x1hy50!heading,2018-08-12T18:45:03+08:00,"[[""游戏"",1],[""社交"",1],[""腾讯投资"",2],[""社区"",2],[""团队协作"",2]]",0
5147804,相比于交通需求／法规限制，资本更乐于看到的是未来。,汽车交通,海外的“共享电动滑板车”市场存在哪些问题，又为何被资本看好？,https://pic.36krcnd.com/201808/12095141/apjda8fd13hgjwo7!heading,2018-08-12T18:16:40+08:00,"[[""金融"",1],[""交通出行"",1],[""大公司"",1],[""共享经济"",2],[""共享单车"",2],[""微信"",2],[""交通"",2]]",0
13372,当前，中国居民消费正呈现出一种“分级”态势：一面是高铁爆满、五星级酒店客房入住率上升、境外人均购物消费额领先全球的消费升级；另一面是能在家做饭绝不去下馆子、能骑自行车尽量不打车的消费降级。那么你在什么时候最能感受大自己和别人的收入差距？,知识·氪视频,哪一刻让你真正地体会到了收入差距？路人回答扎心了,https://pic.36krcnd.com/201808/10105637/ebwsmamuefxx34dj!heading,2018-08-12T17:50:06+08:00,"[[""金融"",1],[""消费"",1],[""大公司"",1],[""企业服务"",1],[""前沿科技"",1],[""职场"",1],[""工业4.0"",1],[""家居家装"",1],[""出海"",1],[""投资"",1],[""市场"",1],[""财富管理"",2],[""财报"",2],[""彩票"",2],[""股票"",2]]",0
5147509,俄罗斯和瑞典使用最多的是商务金融类应用，而南非和印度最流行的是通信类应用。有趣的是，新加坡人则是大量出行或交通类应用。,手机与硬件,图解25国最受欢迎的5款应用,https://pic.36krcnd.com/201808/09235030/n1i3w435j57f3l8e!heading,2018-08-12T17:02:21+08:00,"[[""出海"",1],[""游戏"",1],[""金融"",1],[""snapchat"",2],[""篮球"",2],[""共享单车"",2],[""音乐"",2],[""银行"",2]]",0
5147802,后流量红利时代，低线市场将成为新增长点。,消费,拼团简史：后流量时代，生态决定壁垒,https://pic.36krcnd.com/201808/12085135/whhnt5zwwhb1ej3s!heading,2018-08-12T16:53:41+08:00,"[[""大公司"",1],[""电商"",1],[""淘宝"",2],[""腾讯"",2]]",0
5147793,从美股私有化回归，借壳世纪游轮上市后，如今的巨人网络正经历游戏重心从PC端游戏向移动端转移的过程，上市公司的业务也扩展至互联网金融与互联网医疗领域。,大公司,305 亿元收购以色列棋牌类游戏公司 Playtika 被叫停，史玉柱和巨人网络打的什么盘算？,https://pic.36krcnd.com/201808/12073022/bv4fe2gwfmgxo7r9!heading,2018-08-12T15:50:15+08:00,"[[""游戏"",1],[""支付"",2],[""股票"",2],[""并购"",2],[""香港"",2]]",0
5147800,一片向好的半导体市场和疯狂建厂潮背后却存在隐忧。,前沿技术,硅晶圆迎来缺货潮？中国晶圆厂进击背后的那些隐忧,https://pic.36krcnd.com/201808/12074320/mu7d1mhvadwt4le6!heading,2018-08-12T15:48:48+08:00,"[[""企业服务"",1],[""前沿科技"",1],[""芯片"",2],[""高通"",2],[""天津"",2],[""财报"",2]]",0
13407,企业危机公关中，道歉这件事，可能真的有套路可学。但，是演技，还是真情流露，大众的眼睛是雪亮的。,商业·氪视频,深陷舆论危机，扎克伯格、马云、库克、马化腾是如何道歉的？,https://pic.36krcnd.com/201808/11104201/oe6u7x9c9md9vt34!heading,2018-08-12T15:42:43+08:00,"[[""职场"",1],[""人物"",1],[""社交"",1],[""大公司"",1],[""苹果"",2],[""腾讯"",2],[""携程"",2],[""BAT"",2],[""Facebook"",2],[""职场社交"",2],[""社交媒体"",2]]",0
5147798,之前更多专属于一线城市的消费活动，如今正在三四线城市及县城广泛铺开。,消费,撑起消费半边天的“小镇青年” ：没有存款，我靠什么购物,https://pic.36krcnd.com/201808/12073427/ju956ajtny46hi1r!heading,2018-08-12T15:41:16+08:00,"[[""大公司"",1],[""金融"",1],[""房企"",1],[""腾讯"",2],[""支付宝"",2],[""碧桂园"",2],[""共享单车"",2],[""淘宝"",2]]",0
5147797,不赚钱”的小红书社区却是是另外一群人的赚钱利器。,消费,小红书称社区不赚钱，但刷单者掘到了“金”,https://pic.36krcnd.com/201808/12072256/dgzw409yxxsmknuc!heading,2018-08-12T15:40:04+08:00,"[[""电商"",1],[""大公司"",1],[""社交"",1],[""小红书"",2],[""内容电商"",2],[""淘宝"",2],[""京东"",2],[""网红"",2]]",0
5147795,微软掌门人纳德拉周五出售了32.8万股微软股份，价值总额高达3590万美元。在过去的一年中，微软股价飙升53%。自纳德拉2014年上任至今，微软股价已经涨了近4倍。,大公司,微软帝国正当红，但CEO刚刚抛售了三成个人持股,https://pic.36krcnd.com/201808/12071820/8odfdn8cvni58pw4!heading,2018-08-12T15:38:04+08:00,"[[""大公司"",1],[""企业服务"",1],[""金融"",1],[""微软"",2],[""云计算"",2],[""股票"",2],[""财报"",2],[""转型"",2]]",0
5146929,找准与斗鱼、B站的差异化优势，下半年与腾讯的合作会很密切,大公司,专访虎牙二次元负责人：如何用一年时间做到月活1000万，头部主播月流水超50万？,https://pic.36krcnd.com/201808/08150920/g1j0exogg0101j8j!heading,2018-08-12T15:35:44+08:00,"[[""游戏"",1],[""文娱"",1],[""大公司"",1],[""二次元"",2],[""漫画"",2],[""腾讯"",2],[""直播"",2],[""网易"",2]]",0
5147796,产品线老化，新品导入速度太慢,汽车交通,多款车型“跌跌不休” 长安汽车7月销量持续走低,https://pic.36krcnd.com/201808/12071758/gl2wvvu10b03aqb5!heading,2018-08-12T15:20:14+08:00,"[[""汽车"",1],[""市场"",1]]",0
5147794,踩不完的产品设计和质量的坑,汽车交通,新势力的“创新型”交车，究竟为啥那么难？,https://pic.36krcnd.com/201808/12071147/6wmydkg5efkn5ru3!heading,2018-08-12T15:13:58+08:00,"[[""大公司"",1],[""投资"",1],[""投资机构"",1],[""特斯拉"",2],[""富士康"",2],[""自媒体"",2],[""苹果"",2],[""香港"",2]]",0
5147792,“我们的资金并不紧张。”,汽车交通,亏损超51亿元！蔚来汽车屡次被传IPO，难道真得很缺钱？,https://pic.36krcnd.com/201808/12070611/vs8h7p69hs9qbo8p!heading,2018-08-12T15:06:22+08:00,"[[""金融"",1],[""投资机构"",1],[""大公司"",1],[""银行"",2],[""摩根士丹利"",2],[""软银"",2],[""证券"",2],[""新能源"",2]]",0
5147389,人们买产品不是因为品质，而是因为透过这个产品，看到了理想中自己的形象。,商学院,百事可乐70年代的逆袭：我买的不是可乐，是理想中的自己,https://pic.36krcnd.com/201808/10091952/u78o5aqsnwewzdhs!heading,2018-08-12T15:01:05+08:00,"[[""大公司"",1],[""可口可乐"",2],[""苹果"",2],[""三星"",2],[""星巴克"",2]]",0
5147788,“人工智能有很多希望，但就目前而言，这个希望还没有实现。”,人工智能,十几家医院诊断误判，几百亿美元打水漂，IBM Watson 能治病吗？,https://pic.36krcnd.com/201808/12063421/0eq9ur5b5n01er8o!heading,2018-08-12T14:37:15+08:00,"[[""人工智能"",1],[""医疗健康"",1],[""数据库"",2],[""医疗"",2],[""收购"",2]]",0
5147787,马斯克曾公开表达过对黑客攻击汽车系统的担忧，他表示阻止“全面的黑客攻击”是特斯拉最首要的安全任务。,汽车交通,特斯拉未来免费向其它汽车厂商开源汽车安全软件,https://pic.36krcnd.com/201808/12062802/14tdjmcadhwr0pm5!heading,2018-08-12T14:30:21+08:00,"[[""大公司"",1],[""媒体"",1],[""汽车"",1],[""特斯拉"",2],[""安全"",2],[""交通"",2]]",0
5147782,“宇宙中的70%都是由暗能量组成的，如果不理解暗能量怎么会理解宇宙呢？”,One More Thing,诺奖得主Adam Riess：宇宙在加速膨胀，是因为暗能量,https://pic.36krcnd.com/201808/12061519/6awl1yris9v66el3!heading,2018-08-12T14:24:51+08:00,"[[""前沿科技"",1],[""火箭"",2]]",0
13062,《原则》作者达里奥：央行最终会拥有自己的数字货币，比特币更像投机工具,商业·氪视频,《原则》作者达里奥：央行最终会拥有自己的数字货币，比特币更像投机工具,https://pic.36krcnd.com/201808/11135408/yrkjlpsg41rs1sr1!heading,2018-08-12T14:05:35+08:00,"[[""金融"",1],[""比特币"",2],[""区块链"",2]]",0
5146667,买国际机票时，这些网站可以帮你省下一大笔钱。,技能Get,如何买到最划算的机票？这些网站可以帮你省好多钱,https://pic.36krcnd.com/201808/05104935/wjufqktxyrem3mm0!heading,2018-08-12T14:01:04+08:00,"[[""旅游"",1],[""城市"",1],[""机票"",2],[""旅行"",2],[""职场技能"",2]]",0
5147749,AI时代要变成无码时代？,人工智能,当马赛克被AI看穿，我们的隐私将藏于何处？,https://pic.36krcnd.com/201808/11150604/zsya0qbaf1xvl7zn!heading,2018-08-12T13:45:42+08:00,"[[""人工智能"",1],[""大公司"",1],[""企业服务"",1],[""谷歌"",2],[""微软"",2],[""英伟达"",2],[""人脸识别"",2],[""安全"",2]]",0
5147730,在这场话语争夺战里，女孩们是被争夺的焦点，但恐怕也是唯一没有资格参与争夺的一方。,娱乐,焦点分析 | 火箭少女101退团风波背后，腾讯和经纪公司在争夺话语权,https://pic.36krcnd.com/201808/11160259/t8vamln4dsjedoff!heading,2018-08-12T13:44:21+08:00,"[[""文娱"",1],[""腾讯"",2],[""文化"",2]]",0
5147751,很多创业项目，后期都是要靠美国的钱接盘，但来自美国的资本在新兴市场或许会更加谨慎。,金融,新兴市场货币暴跌，对出海投资创业有什么影响？,https://pic.36krcnd.com/201808/12002202/qwlil8eb9yb1z7i3!heading,2018-08-12T13:37:26+08:00,"[[""金融"",1],[""投资"",1],[""出海"",1],[""银行"",2],[""摩根士丹利"",2],[""消费金融"",2],[""股票"",2],[""高盛"",2]]",0
5147760,这一次，是优爱腾这三匹亲自推高片酬的头狼，也在喊抓狼了。,娱乐,抵制天价片酬？明星不受损，其实在要制片的命,https://pic.36krcnd.com/201808/12053609/b4eqw2slbylkaq97!heading,2018-08-12T13:36:14+08:00,,0
5147776,距离印度大妈带着biryani去宜家野餐还有多久？,大公司,宜家在印度的第一家门店“开挂了”,https://pic.36krcnd.com/201808/12032042/a2lh313kewax1acl!heading,2018-08-12T13:29:29+08:00,,0
5147653,到底什么是社群，社群的分类，社群的特征及结构。跟社交有什么区别？,社交,熊猫直播产品 VP：我的十年社群产品经验谈,https://pic.36krcnd.com/201808/10102156/dtyjghtfb13mlvp5!heading,2018-08-12T13:20:11+08:00,,0
5147672,如何择贤邻而居,One More Thing,科技富豪的居住经：如何择贤邻而居,https://pic.36krcnd.com/201808/10115542/y84bzg8h6l0bumvy!heading,2018-08-12T13:17:05+08:00,"[[""大公司"",1],[""社交"",1],[""金融"",1],[""亚马逊"",2],[""微软"",2],[""微信"",2],[""谷歌"",2],[""支付"",2]]",0
13436,“百人团战，志竞非凡”,科技·氪视频,科氪丨2018ChinaJoy，现场感受vivo NEX如何成为KPL官方用机,https://pic.36krcnd.com/201808/12044500/sfvzw5moafm3087d!heading,2018-08-12T13:04:07+08:00,"[[""大公司"",1],[""vivo"",2]]",0
13373,法国可丽饼，日本鲷鱼烧，香港鸡蛋仔，成都蛋烘糕，都是蛋皮包裹着的美食，可是前三个都扬名世界了，成都的蛋烘糕为什么还不被人知？一个有野心，号称要让蛋烘糕走出成都，面向世界的企业诞生了 -- 它就叫旦旦旦蛋烘糕，这样一家店快跟着兽哥去看看吧！,商业·氪视频,立志要走向世界的网红店，独家探秘让成都小吃标准化的新零售餐饮,https://pic.36krcnd.com/201808/11135248/1hq6t4jdbl0gd21t!heading,2018-08-12T12:50:06+08:00,"[[""餐饮"",1],[""媒体"",1],[""创新内容"",1],[""生活方式"",1],[""支付"",2],[""新零售"",2],[""自媒体"",2],[""IP运营"",2],[""餐饮老板内参"",2]]",0
12624,摩托车头盔是骑摩托车时必不可少的安全防护设备它可以有效保护我们的头部但这样的摩托头盔也有许多的弊端它极大地限制了我们的视野不方便观察周围的情况但如果你有一款智能头盔就不一样了,科技·氪视频,能拨打电话的摩托车头盔，智能导航，360度全景显示，不用看后方,https://pic.36krcnd.com/201808/03090850/27800oy23emkc7z6!heading,2018-08-12T12:36:06+08:00,"[[""前沿科技"",1],[""智能出行"",2]]",0
5147657,威尔·惠顿分享自己的抑郁症治愈历程。,医疗健康,《生活大爆炸》演员威尔·惠顿自述：我与抑郁症抗争的四十年,https://pic.36krcnd.com/201808/10154114/movbjitbi7ahd2rm!heading,2018-08-12T12:15:52+08:00,"[[""文娱"",1],[""情感"",2],[""公益"",2],[""影视"",2],[""医疗服务"",2]]",0
5147777,精品内容引发的迅速模仿和病毒视频的快速传播，使短视频平台逐渐成为了电影营销方的宣传阵地。,娱乐,抖音等短视频成电影营销宣传新阵地，片方、营销方、演员齐上阵,https://pic.36krcnd.com/201808/12035114/vnohma26r5js9leb!heading,2018-08-12T11:59:56+08:00,"[[""文娱"",1],[""大公司"",1],[""短视频"",2],[""音乐"",2],[""火箭"",2],[""微博"",2],[""户外"",2]]",0
5147773,特斯拉出现了“叫好不叫座”，Model 3等产品大受欢迎，供不应求，但是该公司连续多年亏损，一些华尔街分析师甚至称特斯拉的现金储备已经支撑不了多长时间。,汽车交通,沙特主权财富基金未参加马斯克私有化，钱从哪来？,https://pic.36krcnd.com/201808/12031051/kap35lakenbf7h38!heading,2018-08-12T11:57:34+08:00,"[[""大公司"",1],[""金融"",1],[""特斯拉"",2],[""软银"",2],[""股票"",2],[""奥迪"",2],[""宝马"",2]]",0
5147771,不是所有你看到的新闻都是可信的。,大公司,不靠谱新闻粉碎机 | 华为回应“退出美国市场”传言：消息不属实；小红书回应裁员传闻：不实消息,https://pic.36krcnd.com/201808/12030136/stfz83sk8va6tfa0!heading,2018-08-12T11:36:04+08:00,"[[""大公司"",1],[""小红书"",2],[""华为"",2],[""京东金融"",2],[""饿了么"",2]]",0
5147769,第一份订单，是制造赌博机的微控制器系统,大公司,芯片春秋·ARM传,https://pic.36krcnd.com/201808/12024659/2lojdev454adm8kg!heading,2018-08-12T10:54:33+08:00,"[[""大公司"",1],[""芯片"",2],[""英特尔"",2],[""苹果"",2],[""智能手机"",2]]",0
5147766,对于自闭症的现状，存在的问题不仅是现状和大众认知的落差，同时还有落后的治疗现状,医疗健康,全球 1% 人口患有自闭症，AI、VR等技术如何改写它的治疗方式,https://pic.36krcnd.com/201808/12022127/g9ruzgmcs3exclda!heading,2018-08-12T10:52:30+08:00,"[[""人工智能"",1],[""医疗健康"",1],[""机器人"",2],[""医疗服务"",2],[""数据库"",2],[""大数据"",2]]",0
5147759,全面爆发的短视频行业，正逐步演化成一场产业级的零和战役,娱乐,短视频江湖：这个行业的现状、用户和未来,https://pic.36krcnd.com/201808/12021326/ao533j9pdyp0vviv!heading,2018-08-12T10:51:02+08:00,"[[""文娱"",1],[""媒体"",1],[""电商"",1],[""短视频"",2],[""社交媒体"",2],[""直播"",2],[""微信"",2],[""微博"",2]]",0
13233,你可能早就听说了，有的机器人已经可以创作出与天才艺术家相提并论的画作了。创建于2016年的 RobotArt 机器人绘画比赛展现了目前最优秀的AI作画能力。下面我们来看看看前三名的作品，体会一下机器人的绘画“天赋”。,科技·氪视频,当AI拿起画笔，进军绘画领域的AI和人的差别又在缩小？,https://pic.36krcnd.com/201808/09105539/aqpoj0urjtnglmav!heading,2018-08-12T10:43:06+08:00,"[[""人工智能"",1]]",0
5147755,领导特质是可以学习的。,职场漫谈,世界上最成功的领导者的8大领导特质,https://pic.36krcnd.com/201808/12021259/t5wfv4zf42d1cpct!heading,2018-08-12T10:14:16+08:00,"[[""职场"",1],[""职场技能"",2]]",0
5147763,全自动驾驶汽车近在眼前？,汽车交通,人工智能迎来寒冬，自动驾驶汽车发展受阻,https://pic.36krcnd.com/201808/12020848/6jrdk8jeijjecf8c!heading,2018-08-12T10:11:55+08:00,"[[""人工智能"",1],[""大公司"",1],[""企业服务"",1],[""特斯拉"",2],[""语音识别"",2],[""机器学习"",2],[""百度"",2],[""大数据"",2]]",0
5147761,7月中国汽车产销量环比呈较快下降，同比降幅略低。,汽车交通,SUV增速连续4个月低于轿车，中国汽车消费格局分水岭出现？,https://pic.36krcnd.com/201808/12020616/vnd3qsn844nrrgc8!heading,2018-08-12T10:10:03+08:00,"[[""前沿科技"",1],[""汽车"",1],[""市场"",1],[""新能源"",2]]",0
5147757,P2P的爆雷潮最近蔓延到了私募基金。,金融,10亿私募产品违约，牵出国盈基金庞大资本局,https://pic.36krcnd.com/201808/12015707/72sho2vlq8sjclfd!heading,2018-08-12T10:04:49+08:00,"[[""金融"",1],[""投资"",1],[""前沿科技"",1],[""证券"",2],[""新能源"",2],[""微信"",2],[""去哪儿"",2],[""理财"",2]]",0
5147756,“假新闻”的锅应该由谁来背？,人工智能,"算法当道，未来地图中""假新闻""的锅应由谁来背？",https://pic.36krcnd.com/201808/12014706/49y2wbaypy2g0tbo!heading,2018-08-12T10:03:30+08:00,"[[""大公司"",1],[""媒体"",1],[""游戏"",1],[""谷歌"",2],[""社交媒体"",2],[""招聘"",2],[""微信"",2],[""法律"",2]]",0
5147754,酒店结合目的地旅游和活动推出打包服务，或者单独将其作为附加项目，不仅能提高酒店入住率，还能带来增量收入，提升相对于其他酒店以及OTA的竞争优势。,旅游,酒店为什么要提供目的地旅游和活动？,https://pic.36krcnd.com/201808/12013922/j1auu87y0b7pnmgo!heading,2018-08-12T10:01:35+08:00,"[[""媒体"",1],[""大公司"",1],[""餐饮"",1],[""社交媒体"",2],[""airbnb"",2],[""酒店"",2],[""微信"",2],[""收购"",2]]",0
13282,8月8日，特斯拉CEO马斯克在内部邮件中表示，将把特斯拉退市完成私有化。随后有用户在社交媒体上评论，这种做法就像戴尔一样，能避免许多让人头疼的问题。马斯克回复说：是的。要上市很难，要退市也很难，退市之后再上市更是难上加难。让马斯克认为退市就能避免头疼问题的戴尔，最近又因为再上市出现了麻烦。,商业·氪视频,戴尔或将再次上市，负债累累的它如何发展？,https://pic.36krcnd.com/201808/10030928/sap0x8cuclhzwn14!heading,2018-08-12T09:50:06+08:00,"[[""大公司"",1],[""智能硬件"",1],[""人物"",1],[""市场"",1],[""戴尔"",2],[""特斯拉"",2],[""云存储"",2]]",0
5147753,或许需要找到中心化与去中心化之间的一个平衡点。,区块链,赵长鹏演示币安的去中心化交易所，火币、OKex会跟进吗？,https://pic.36krcnd.com/201808/12011647/4r91zzszof3lh1lx!heading,2018-08-12T09:29:54+08:00,"[[""企业服务"",1],[""大公司"",1],[""地产创新"",1],[""区块链"",2],[""微信"",2],[""转型"",2],[""社区"",2],[""法律"",2]]",0
13195,这是白岩松在@一刻talks 的演讲。这是白岩松老师光阴的故事，他讲述了每一个年龄阶段不同的人生感悟。现阶段的白老师说“我不想对太多帮助我的人说谢谢，因为我要以加倍的方式去对待年轻人。”20?30?40?50?你现在在那个阶段，又有什么困惑与感悟呢？,生活·氪视频,白岩松：我30做减法，40很困惑，但我50很好奇，你的如何？,https://pic.36krcnd.com/201808/09074627/l2herc0apq72m0lb!heading,2018-08-11T23:58:21+08:00,"[[""文娱"",1],[""教育"",1],[""人物"",1],[""彩生活"",2]]",0
13381,大家好，我是小雷，欢迎收看由雷科技推出的科技答人，上周大家到公众号给小雷提了不少问题，现在小雷给大家做个详细的解答 一起来看看吧！,科技·氪视频,科技答人：开启护眼模式后，玩手机就可以为所欲为？太天真,https://pic.36krcnd.com/201808/10110550/assgh9lnfxw24l30!heading,2018-08-11T22:29:07+08:00,"[[""大公司"",1],[""物联网"",1],[""华为"",2],[""苹果"",2]]",0
13212,中国工业设计之父柳冠中：中国汽车工业落后于日韩的真正原因是什么？,科技·氪视频,中国工业设计之父柳冠中：中国汽车工业落后于日韩的真正原因是什么？,https://pic.36krcnd.com/201808/09083056/950zv8rrpv70jmwp!heading,2018-08-11T21:46:45+08:00,"[[""工业4.0"",1],[""产品分析"",2]]",0
5147456,你想要什么样的生活，这是你的选择。,职场漫谈,追求“生产力”而不是“意义”，这是你最容易犯的错误之一,https://pic.36krcnd.com/201808/09091102/myla121kc7v49xsd!heading,2018-08-11T21:16:04+08:00,"[[""生活方式"",1],[""职场技能"",2]]",0
13390,近几年在线视频网站分化成以“优爱腾”为代表的第一梯队和乐视 PPTV 搜狐视频为主的第二梯队。而2018年成为了第二梯队的消失之年，它们都是怎么就没有了声音？,商业·氪视频,看氪 | 被“优爱腾”垄断后，视频网站第二梯队去哪了？,https://pic.36krcnd.com/201808/10112857/l4rhshe16zn1voyp!heading,2018-08-11T21:01:06+08:00,"[[""媒体"",1],[""文娱"",1],[""搜狐"",2],[""乐视"",2],[""暴风集团"",2],[""爱奇艺"",2],[""优酷土豆"",2]]",0
12927,弹弓是伴随着橡胶皮筋一起出现的玩具它的结构简单，威力大而且使用随处可见的石子作为武器一出现就风靡全球到目前为止这种玩具任然是热度不减而到如今在各种黑科技的加持下,科技·氪视频,中国小伙将弹弓玩出新高度，自带瞄准器，夜间也能用,https://pic.36krcnd.com/201808/07075051/8jn004qn2wpn1t66!heading,2018-08-11T20:55:07+08:00,"[[""前沿科技"",1]]",0
5147741,在送药上门的外表之下，PillPack 瞄准了庞大的慢性病人、老年人市场，同时又提供了跟保险公司和医生沟通的服务。,医疗健康,亚马逊10亿收购PillPack，送药O2O还能怎么玩？,https://pic.36krcnd.com/201808/11103314/3h3um580osytci3z!heading,2018-08-11T20:23:02+08:00,"[[""大公司"",1],[""金融"",1],[""医疗健康"",1],[""亚马逊"",2],[""保险"",2],[""谷歌"",2],[""阿里健康"",2],[""苹果"",2]]",0
13343,华大基因今年一直深陷于负面舆论的漩涡。而从万科退休的王石选择此时成为华大的联席董事长，与他和汪建的关系密不可分。《财约你》采访汪建时，他承认需要@王石 在社会发展、商业管理上助自己一臂之力。王石在接受专访时也表示：汪建是个很纯粹的人，帮他就是在帮自己，能一起实现理想。,商业·氪视频,王石驰援汪建背后：“好兄弟”彼此给出了对方这样的评价,https://pic.36krcnd.com/201808/10092640/bs336akj13yw56rl!heading,2018-08-11T19:49:26+08:00,"[[""人物"",1]]",0
5147726,Hulu的母公司们将在2018年再向流媒体产业投资15亿美元。,娱乐,由于迪士尼将获得控制权，Hulu第二季度的损失达到3.57亿美元,https://pic.36krcnd.com/201808/11101717/1e3t887r793mdk9x!heading,2018-08-11T18:26:51+08:00,"[[""投资"",1],[""体育"",1],[""文娱"",1],[""直播"",2],[""谷歌"",2],[""亚马逊"",2],[""收购"",2],[""迪斯尼"",2]]",0
5147734,独角兽们仍在“挨饿”，投资者还在排队“送钱”,大公司,老牌独角兽仍在吸金，新晋独角兽也在“一路狂奔”,https://pic.36krcnd.com/201808/11084811/725e75qagofjbc42!heading,2018-08-11T18:26:03+08:00,"[[""投资机构"",1],[""金融"",1],[""蚂蚁金服"",2],[""支付宝"",2],[""芯片"",2],[""股票"",2],[""音乐"",2]]",0
5147740,在政府相关部门及行业公司的联合推动下，限制明星高片酬行动终于落地。,娱乐,抵制天价片酬！9家公司联合声明：单个演员片酬不超5000万,https://pic.36krcnd.com/201808/11101343/ud0d0zmen9wqxjjj!heading,2018-08-11T18:17:53+08:00,"[[""文娱"",1],[""大公司"",1],[""金融"",1],[""影视"",2],[""爱奇艺"",2],[""证券"",2],[""微信"",2],[""视频网站"",2]]",0
5147739,“如果你遗漏了13亿人的市场，还如何能连接整个世界?”,大公司,回不去的Tencent,https://pic.36krcnd.com/201808/11100833/rbrjaq4qpkg9p6xe!heading,2018-08-11T18:16:44+08:00,"[[""大公司"",1],[""社交"",1],[""文娱"",1],[""腾讯"",2],[""谷歌"",2],[""亚马逊"",2],[""百度"",2],[""微信"",2]]",0
5147738,目前，该片上映两天票房已经超过3亿元，比《一出好戏》的票房多近1倍。,娱乐,《爱情公寓》成了“爱情公案”，背后牵出多路资本暗战,https://pic.36krcnd.com/201808/11095837/hmlqgn8ijdzr4io5!heading,2018-08-11T18:06:14+08:00,"[[""投资"",1],[""文娱"",1],[""大公司"",1],[""影视"",2],[""微博"",2],[""腾讯"",2],[""版权交易"",2],[""豆瓣"",2]]",0
5147704,如果身边的人有什么问题，尽可以放心地去请教阿西莫夫，他肯定知道答案。,技能Get,如何像科幻大师阿西莫夫一样高效学习？,https://pic.36krcnd.com/201808/11020735/i3z0kgex49he4qga!heading,2018-08-11T18:02:04+08:00,"[[""教育"",1],[""游戏"",1],[""人物"",1],[""文化"",2]]",0
5147272,对于亚洲科技领域、亚洲公司估值过高、需要警惕的行业，以及印度的下一个风口，安联在印度的投资和退出策略，私人投资变现，Ritu Arora 给出了她的答案。,人物,Go-Jek的投资人看亚洲市场：潜力无可限量，关键在于做正确的选择,https://pic.36krcnd.com/201808/08114314/hqqfm3eo741avx9s!heading,2018-08-11T18:01:04+08:00,"[[""投资"",1],[""金融"",1],[""商业地产"",1],[""保险"",2],[""资产管理"",2],[""股权投资"",2],[""共享单车"",2],[""股票"",2]]",0
5147735,“我只是对该共识进行了解释，并对其调整以适用于区块链环境中。”,区块链,V神辟谣：我并不是“99%容错共识”的发明者,https://pic.36krcnd.com/201808/11092411/4yycvcscq3mqjlcw!heading,2018-08-11T17:49:41+08:00,"[[""企业服务"",1],[""媒体"",1],[""游戏"",1],[""区块链"",2],[""微信"",2],[""法律"",2],[""安全"",2]]",0
5147736,人类探索宇宙的脚步永不停歇。,前沿技术,一文读懂帕克太阳探测器发射：总耗资15亿美元，飞行7年,https://pic.36krcnd.com/201808/11093812/05v9c1dpl1bwwiid!heading,2018-08-11T17:47:25+08:00,"[[""前沿科技"",1],[""大公司"",1],[""人物"",1],[""航空航天"",2],[""卫星"",2],[""微信"",2],[""通信"",2],[""北京"",2]]",0
13398,哈佛大学Wyss研究院研发了一种软体蜘蛛机器人，未来有望在医学中发挥重要作用。,科技·氪视频,哈佛大学研发软体蜘蛛机器人，未来有望运用在医学中,https://pic.36krcnd.com/201808/10190111/rw8yocs5q86g4589!heading,2018-08-11T17:43:14+08:00,"[[""机器人"",2]]",0
5147733,相比应用于 C 端的自助驾驶汽车，服务于公共交通的自动驾驶巴士或许会更早落地。,汽车交通,继在欧洲 IPO 后，无人驾驶巴士研发商「Navya」再融 3800 万欧元,https://pic.36krcnd.com/201808/11092640/qngonvdz5lzphkh9!heading,2018-08-11T17:28:32+08:00,"[[""投资"",1],[""游戏"",1],[""汽车"",1],[""手游"",2]]",0
5147713,接入 30 万台线下娃娃机，占据 70% 的市场份额,消费,获 2 亿元 B 轮系列融资，「乐摇摇」要从娃娃机出发做线下无人设备流量入口,https://pic.36krcnd.com/201808/11084455/4jikieh4539ogwaj!heading,2018-08-11T17:25:01+08:00,"[[""消费"",1],[""企业服务"",1],[""德同资本"",2],[""支付"",2],[""广发信德"",2],[""成为资本"",2],[""硬件"",2]]",0
5147725,主要是快速设计和生成一系列对疾病治疗具有高价值的小分子候选药物。,医疗健康,通过仿真计算平台和虚拟合作模式加速新药发现，Modulus Discovery获8亿日元A轮融资,https://pic.36krcnd.com/201808/11072225/lk3djohbsy4icfdf!heading,2018-08-11T17:24:13+08:00,"[[""投资"",1],[""医疗健康"",1],[""生物技术"",2],[""银行"",2],[""合伙人"",2]]",0
5147728,2017年，Esprit在内地净关闭了57间零售和批发门店，香港也净减少了3间直营门店。,消费,Esprit大溃退，从林青霞家族企业到时尚弃子,https://pic.36krcnd.com/201808/11081907/7icmp2rsugo0lta6!heading,2018-08-11T16:31:13+08:00,"[[""大公司"",1],[""消费"",1],[""时尚"",2]]",0
5147724,无论是技术开发人员，还是区块链媒体从业人员，薪资都已和其他互联网行业别无两样。,区块链,行业薪酬“大跳水”，区块链真的凉了？,https://pic.36krcnd.com/201808/11074729/jnpe48x4bcb09wml!heading,2018-08-11T16:29:43+08:00,"[[""企业服务"",1],[""金融"",1],[""区块链"",2],[""招聘"",2],[""比特币"",2],[""支付"",2]]",0
5147731,去中心化、不确定、流变的市场环境，并不是“工程师式管理”能够应对的。,技能Get,连名称和VI都换了，为什么感觉还是传统品牌？,https://pic.36krcnd.com/201808/11082508/3kbnipqh6voeo419!heading,2018-08-11T16:27:55+08:00,"[[""大公司"",1],[""社交"",1],[""媒体"",1],[""微博"",2],[""魅族"",2],[""网易"",2],[""联想"",2],[""社群"",2]]",0
5147705,君子之泽，五世不斩,大公司,左手小米右手蚂蚁的150年陈年豪门,https://pic.36krcnd.com/201808/11024956/h6odx93nl14mw2xz!heading,2018-08-11T16:24:54+08:00,,0
5147706,转型人工智能，已经成为了行业必然,人工智能,巨鲸转身：牵手微软能帮助沃尔玛赢得下一个十年吗,https://pic.36krcnd.com/201808/11025501/xld944vi4utokt0z!heading,2018-08-11T16:19:02+08:00,"[[""人工智能"",1],[""消费"",1],[""电商"",1],[""零售"",2],[""亚马逊"",2],[""微软"",2],[""谷歌"",2],[""京东"",2]]",0
5147723,﻿近日，MIT CSAIL 实验室正式发布了 Julia 1.0，不少人称，该语言结合了C语言的性能和Python 的易上手性，被称为最聪明的一群大脑创造出的现代编程语言。,前沿技术,Julia焦虑？这有份Facebook软件工程师的测试差评,https://pic.36krcnd.com/201808/11064822/u3rav1lze6io6b3c!heading,2018-08-11T16:14:19+08:00,"[[""企业服务"",1],[""大数据"",2],[""linux"",2],[""安全"",2]]",0
5146157,人算不如天算。,技能Get,通往“被动收入”的漫漫长路（三）：期望 vs 现实,https://pic.36krcnd.com/201808/11024227/46rezkaz8yp3ju96!heading,2018-08-11T16:01:04+08:00,"[[""职场"",1],[""数据分析"",2]]",0
13028,房子没还完贷款能卖吗？如果想卖有哪些方式呢？其中有哪些需要我们老百姓注意的地方呢？,商业·氪视频,房子没还完贷款，可以卖给别人吗？这几种方法可以帮大忙,https://pic.36krcnd.com/201808/10114750/dh365zzo2vbrij0e!heading,2018-08-11T15:55:06+08:00,"[[""房地产"",1],[""二手房"",2],[""房产"",2]]",0
5147708,曾濒临“死亡”的 AltspaceVR 于今日发布了一些新工具，让用户可以在虚拟现实世界里，根据喜好创建自己的共享空间。,前沿技术,AltspaceVR 推出新工具，用户可在虚拟现实世界里构建自己的可共享空间,https://pic.36krcnd.com/201808/11073018/ccaip9e7m6kzqb55!heading,2018-08-11T15:38:01+08:00,"[[""大公司"",1],[""金融"",1],[""社交"",1],[""微软"",2],[""收购"",2],[""社区"",2]]",0
5147721,Brandless的成功，靠的是商业模式的创新，采购成本的降低，以及一种全新的消费生活理念。,消费,同样是低价，为什么美版“拼多多”大受好评？,https://pic.36krcnd.com/201808/11063108/9i0stdabuhbi30vq!heading,2018-08-11T15:18:45+08:00,"[[""大公司"",1],[""消费"",1],[""媒体"",1],[""软银"",2],[""美妆"",2],[""自媒体"",2],[""股票"",2],[""硅谷"",2]]",0
5147722,关于《爱情公寓》的对与错，“原班人马”带来了答案。,娱乐,《爱情公寓》挂羊头卖狗肉？我们采访了导演宣发制片方,https://pic.36krcnd.com/201808/11064618/nie5vtp2d3qi11aw!heading,2018-08-11T15:17:29+08:00,"[[""大公司"",1],[""文娱"",1],[""媒体"",1],[""豆瓣"",2],[""新浪"",2],[""微博"",2],[""电影"",2],[""版权"",2]]",0
5147559,这五大要素是确保东盟地区处于金融科技领域发展前沿的基石。,金融,东盟国家Fintech崛起的5大要素,https://pic.36krcnd.com/201808/10085945/kgmfmroo50x0gqvv!heading,2018-08-11T14:31:04+08:00,"[[""金融"",1],[""电商"",1],[""消费"",1],[""支付"",2],[""银行"",2],[""智能手机"",2],[""腾讯"",2],[""腾讯投资"",2]]",0
13364,都说拼多多上的东西都特别便宜，特别是像手机这种“互联网的移动入口”，售价居然只要两三百，小雷也买了一部手机体验一下。,科技·氪视频,368元就能买华为Mate 10？拼多多神机真相竟是如此,https://pic.36krcnd.com/201808/10105441/60ta3dki8p2qcpc9!heading,2018-08-11T14:09:30+08:00,"[[""大公司"",1],[""电商"",1],[""物联网"",1],[""华为"",2]]",0
5146932,整理达人现身说法，介绍提高生活质量的经验。,技能Get,终极个人管理系统：教你成为一个高效的“整理狂”,https://pic.36krcnd.com/201808/07055847/ugjgoh658yzahuqb!heading,2018-08-11T14:02:04+08:00,"[[""文娱"",1],[""消费"",1],[""生活方式"",1],[""社交媒体"",2],[""职场技能"",2],[""理财"",2]]",0
5147717,素以医药、房地产、金融等投资闻名的复星，也是个地地道道的“吃货”。,消费,复星也是个“吃货”？除了庆丰包子，它快投了一桌满汉全席,https://pic.36krcnd.com/201808/11042142/neg4u3op170pidje!heading,2018-08-11T13:35:30+08:00,"[[""餐饮"",1],[""投资"",1],[""大公司"",1],[""微信"",2],[""消费升级"",2],[""上海"",2],[""收购"",2],[""北京"",2]]",0
5147711,正面硬刚 Craigslist,消费,二手交易平台「OfferUp」正寻求新一轮 1.5 亿美元的股权融资,https://pic.36krcnd.com/201808/11044141/hu5wrvvds5kezszj!heading,2018-08-11T13:05:30+08:00,"[[""电商"",1],[""汽车"",1],[""大公司"",1],[""二手交易"",2],[""二手车"",2],[""亚马逊"",2]]",0
5147719,“天才的成功率其实不一定比其他人更高，他们只是永不言败，一直在努力地尝试、实验。”,职场漫谈,只有25%的人激发了自己的创造力，你要怎么办？,https://pic.36krcnd.com/201808/11043442/9ipcbo9yovmu8r2c!heading,2018-08-11T12:38:40+08:00,"[[""金融"",1],[""职场"",1],[""大公司"",1],[""智能家居"",2],[""银行"",2],[""苹果"",2],[""微信"",2],[""酒店"",2]]",0
13382,近日，有媒体报道，影视圈自8月1日起执行了新税制，税率从原本的最低6.7%左右提高到42%，而且要一次性补缴6个月的税款，消息这么突然，你觉得靠谱吗？,商业·氪视频,明星税率要从6%提至42%？你觉得靠谱吗？,https://pic.36krcnd.com/201808/10110639/bu6fq10rl9rhf0cc!heading,2018-08-11T12:36:06+08:00,"[[""交通出行"",1],[""消费"",1],[""大公司"",1],[""企业服务"",1],[""前沿科技"",1],[""人工智能"",1],[""人物"",1],[""投资"",1],[""B2B"",1],[""谈资"",1],[""财税"",2],[""财富管理"",2],[""股票"",2],[""金融科技"",2]]",0
5147714,由于医疗行为无法完全脱离线下，布局线下诊所对于只有线上服务或医生集团概念的企业具有极大的吸引力。,医疗健康,医疗平台布局线下诊所的四种模式是什么？,https://pic.36krcnd.com/201808/11035848/lkis7v1qs8p54q4u!heading,2018-08-11T12:20:01+08:00,"[[""医疗健康"",1],[""消费"",1],[""丁香园"",2],[""互联网医疗"",2],[""新零售"",2],[""保险"",2],[""分级诊疗"",2]]",0
5147715,从影视综艺到体育，“优爱腾”的版权战火从未停息。,娱乐,体育后来者爱奇艺，能否拧得过“优腾”两条大腿？,https://pic.36krcnd.com/201808/11040409/qgfcsxz3wgagtksr!heading,2018-08-11T12:05:17+08:00,,0
5147569,Supahands 早已接受许多其他人才开始认识到的东西：电子人劳动力革命即将在我们这一代上演。,人工智能,这家马来西亚公司用AI打造全球最高效的人力众包平台,https://pic.36krcnd.com/201808/10074748/xg81dg1nwkvhbdm9!heading,2018-08-11T12:02:31+08:00,"[[""企业服务"",1],[""人工智能"",1],[""教育"",1],[""外包"",2],[""机器学习"",2],[""数据分析"",2],[""数据库"",2],[""股票"",2]]",0
5146881,这几个Mac App完全可以取代一大堆杂七杂八的应用。,技能Get,Mac 上 7 款让你相见恨晚的效率工具（附 Windows 替代版）,https://pic.36krcnd.com/201808/06151621/q8bqobaauf0a4xj1!heading,2018-08-11T12:02:05+08:00,"[[""职场"",1],[""生活方式"",1],[""苹果"",2],[""职场技能"",2],[""记账工具"",2]]",0
5147663,乐华娱乐、麦锐娱乐发布联合声明称，旗下艺人孟美岐、吴宣仪、张紫宁将提前退出火箭少女101团队。,36氪每日商业精选,深度资讯丨火箭少女101难成团，经纪公司不满腾讯“中间商赚差价”,https://pic.36krcnd.com/201808/10113631/unrcehw72u0u5amx!heading,2018-08-11T12:00:05+08:00,,0
5147703,艺人单集片酬（含税）最高不得超过100万元人民币，总片酬（含税）不得超过5000万元人民币,内容,三大视频网站、六大制片公司联合声明抵制“天价片酬”，但症结到底在哪里？,https://pic.36krcnd.com/201808/11032129/wn6rjsqhmnx3dfg3!heading,2018-08-11T11:53:18+08:00,"[[""大公司"",1],[""文娱"",1],[""媒体"",1],[""爱奇艺"",2],[""影视"",2],[""腾讯"",2],[""视频网站"",2],[""电影"",2]]",0
5147712,创业、物理和艺术，在这里说的是同一件事情。,One More Thing,创业、艺术家和量子物理,https://pic.36krcnd.com/201808/11033428/a5wuttxr4xpwf4np!heading,2018-08-11T11:45:53+08:00,"[[""大公司"",1],[""人工智能"",1],[""出海"",1],[""美的"",2],[""苹果"",2],[""孵化器"",2],[""音乐"",2],[""微博"",2]]",0
5147709,从药物设计到临床试验，AI为药物研发的各个阶段带来突破性进展。,医疗健康,阿斯利康最新报告：人工智能和机器学习正在颠覆药物研发，并应用于药物安全和个性化治疗,https://pic.36krcnd.com/201808/11033421/7jasgol6dzbglin5!heading,2018-08-11T11:44:23+08:00,"[[""人工智能"",1],[""医疗健康"",1],[""机器学习"",2],[""大数据"",2],[""硬件"",2],[""数据分析"",2],[""数据库"",2]]",0
5147688,如果TradeLen要发行平台币，那么Stronghold USD会成为其平台币吗？,区块链,IBM、马士基的区块链平台已有94家机构加入，Stronghold USD 会是其平台币吗？,https://pic.36krcnd.com/201808/10162854/hg0aq9tgjwlr8h1c!heading,2018-08-11T11:22:58+08:00,"[[""企业服务"",1],[""金融"",1],[""大公司"",1],[""区块链"",2],[""资产管理"",2],[""微信"",2],[""运输"",2],[""香港"",2]]",0
5146702,Intuit 使报税成为一种愉悦的体验，这本身就是设计和创新的胜利。,商学院,深度复盘TurboTax发展史：解决一个无聊的问题，主导一个110亿美元的产业,https://pic.36krcnd.com/201808/06044601/c1ugo3pax8kfv2kj!heading,2018-08-11T10:30:57+08:00,"[[""消费"",1],[""大公司"",1],[""投资"",1],[""智能手机"",2],[""微软"",2],[""苹果"",2],[""购物中心"",2],[""数据库"",2]]",0
5147614,你会为哪部影片买单？,娱乐,新片观察｜这个周末电影不少，没必要去看《爱情公寓》,https://pic.36krcnd.com/201808/10065424/8i55wwsw2gfciab6!heading,2018-08-11T09:55:34+08:00,"[[""大公司"",1],[""出海"",1],[""文娱"",1],[""豆瓣"",2],[""联想"",2],[""微博"",2],[""电影"",2],[""版权"",2]]",0
5147553,我们都有病,One More Thing,中国创业病人,https://pic.36krcnd.com/201808/10025217/972ijhf48g5f12tg!heading,2018-08-11T09:53:56+08:00,"[[""教育"",1],[""金融"",1],[""大公司"",1],[""趣分期"",2],[""今日头条"",2],[""阿里巴巴"",2],[""腾讯"",2],[""微信"",2]]",0
13368,8月9号上午，著名数据分析机构极光大数据公布了2018年第二季度中国智能手机市场的行业分析报告。,科技·氪视频,手机市场Q2多项数据出炉：华为保有率第一，苹果用户忠诚度高,https://pic.36krcnd.com/201808/10105654/fv07kjeck4atq6e7!heading,2018-08-11T09:52:11+08:00,"[[""大公司"",1],[""智能硬件"",1],[""华为"",2],[""小米"",2],[""苹果"",2]]",0
5147093,本文讲解了三大工作技巧，适合0-2岁的初阶产品经理，希望可以帮助到你们~,技能Get,3个工作技巧让你在产品岗游刃有余,https://pic.36krcnd.com/201808/07111844/kzgltdzuipyiustg!heading,2018-08-11T09:51:19+08:00,"[[""小程序"",1],[""金融"",1],[""企业服务"",1],[""支付宝"",2],[""数据库"",2],[""微博"",2],[""腾讯"",2],[""社区"",2]]",0
5147683,苹果提供智能机、平板、电脑、手表等产品的回收，并给予用户选购Apple产品的抵用金。,8点1氪,9点1氪丨特斯拉股东指控马斯克证券欺诈；微信小程序流量主广告分成上调至50%​；华为否认按4%进行5G专利收费,https://pic.36krcnd.com/201808/10150603/1pv06oqxnf666yaw!heading,2018-08-11T08:48:04+08:00,"[[""大公司"",1],[""投资"",1],[""企业服务"",1],[""苹果"",2],[""区块链"",2],[""华为"",2],[""腾讯"",2],[""英特尔"",2]]",0
5147665,8月8日，阿里巴巴宣布推出“88VIP”全新会员计划，打通了阿里巴巴旗下多个平台的会员体系。,36氪每日商业精选,深度资讯丨阿里升级会员计划，这回打的是中高端消费者的主意,https://pic.36krcnd.com/201808/10113542/bgz5ppi99lnp1z07!heading,2018-08-11T08:00:05+08:00,,0
5146972,“企业中学习文化的力量，是其商业影响的唯一且最大的驱动力。”,商学院,所有的行业龙头，都有自己的学习文化,https://pic.36krcnd.com/201808/07024433/5ifnwu70vb9xhydh!heading,2018-08-11T08:00:04+08:00,"[[""大公司"",1],[""金融"",1],[""文娱"",1],[""谷歌"",2],[""文化"",2],[""艺术"",2]]",0
5147676,不论有多少困难，社交都是美图早就想做而如今必须去做的一件事。,社交,工具产品面临瓶颈，美图把社交当做“二次创业”,https://pic.36krcnd.com/201808/10124316/7z9o8lhwxaiim8er!heading,2018-08-11T07:31:04+08:00,,0
5147680,以及，印度电商独角兽 ShopClues 完成1600万美元融资；菲律宾监管机构有条件批准Grab收购Uber东南亚业务。,大公司,出海日报 | 上半年中国游戏发行商在美收入破6亿美元​；Flipkart在班加罗尔推出线上杂货服务,https://pic.36krcnd.com/201808/10140715/twy58epdj8h754sd!heading,2018-08-11T00:28:07+08:00,"[[""出海"",1],[""金融"",1],[""投资"",1],[""银行"",2],[""保险"",2],[""网易"",2],[""阿里巴巴"",2],[""腾讯"",2]]",0
13191,这是白岩松在一刻talks的演讲。18岁的白岩松在读新闻系，希望自己能成为最好的记者。他分享了自己的18岁，他说你遭遇了什么，你就携带什么上路。每个人都该拿自己的照片问问自己，你是当初自己想要活的那个样子吗？,生活·氪视频,白岩松：请拿你18岁的照片问问自己：你是当初自己要活的那个样子吗？,https://pic.36krcnd.com/201808/09074203/cjsgvdts0x5b7yxq!heading,2018-08-10T23:55:06+08:00,"[[""文娱"",1],[""教育"",1],[""社交"",1],[""人物"",1],[""职场技能"",2],[""职场社交"",2],[""彩生活"",2]]",0
12778,有钱又拥有科技的城市，不一定是智慧的城市，这是为什么？,生活·氪视频,什么是智慧城市，拥有钱和科技就够吗？,https://pic.36krcnd.com/201808/10115900/si84h9in3202im4w!heading,2018-08-10T23:16:06+08:00,"[[""交通出行"",1],[""智慧城市"",2]]",0
12813,华为超越苹果成为全球第二大智能手机制造商。外国小哥秘访华为深圳总部内部：容纳6万名员工的自助餐厅、开设2500门课的华为大学、便宜舒适的员工宿舍等等。,知识·氪视频,3分钟探访华为总部：容纳6万人的自助餐厅，2500门课程的华为大学,https://pic.36krcnd.com/201808/06100449/vaxl4wu3yv320dez!heading,2018-08-10T22:36:06+08:00,"[[""金融"",1],[""房地产"",1],[""消费"",1],[""大公司"",1],[""企业服务"",1],[""前沿科技"",1],[""人工智能"",1],[""智能硬件"",1],[""人物"",1],[""投资"",1],[""生活方式"",1],[""海外"",1],[""市场"",1],[""华为"",2],[""股权投资"",2]]",0
12829,我们该如何看待P2P平台的保险业务，领悟保险平台的秘密，让我们拭目以待！,商业·氪视频,如何看待P2P平台保险业务？这才是了解该业务的正确姿势,https://pic.36krcnd.com/201808/06104739/yr2dzazfn005w6in!heading,2018-08-10T22:16:06+08:00,"[[""投资"",1],[""P2P"",2],[""保险"",2],[""财富管理"",2]]",0
5147681,跨界转型近5年，投资企业18家，其中控股11家，汪峰的商业版图覆盖音乐产业、节能科技、企业咨询等领域。,娱乐,歌手汪峰 “怒放的商业版图”,https://pic.36krcnd.com/201808/10140502/2m0yjqiyiyzjsgch!heading,2018-08-10T22:06:48+08:00,"[[""文娱"",1],[""投资"",1],[""智能硬件"",1],[""音乐"",2],[""硬件"",2],[""青山资本"",2],[""真格基金"",2],[""衍生品"",2]]",0
5147673,流利说想走的是以技术、产品和数据为护城河的亚马逊模式。,教育,最前线 | 英语流利说计划九月底在美IPO，“AI+教育”故事撑得起20亿美元估值吗？,https://pic.36krcnd.com/201808/10121606/dunch06aj5ij14xc!heading,2018-08-10T21:47:22+08:00,"[[""教育"",1],[""大公司"",1],[""人工智能"",1],[""在线教育"",2]]",0
5147574,当人们在工作中至少有一个真心朋友的时候，他们会更喜欢自己的工作。,技能Get,会聊天的人，一开口就赢了,https://pic.36krcnd.com/201808/10040129/amx4ap2e2lymmujd!heading,2018-08-10T21:41:04+08:00,[],0
5147678,有些人是生活在不同的世界里,娱乐,十倍杠杆，私有化阿森纳,https://pic.36krcnd.com/201808/10132617/oe5nxb1igzwiq88j!heading,2018-08-10T21:36:45+08:00,"[[""体育"",1],[""投资"",1],[""金融"",1],[""足球"",2],[""支付"",2],[""证券"",2],[""医疗服务"",2],[""快递"",2]]",0
13386,三星从家电霸主到日薄西山，经过两个季度的调整，仍未能在移动业务上扭转局面。,商业·氪视频,看氪｜三星，会是下一个诺基亚吗？,https://pic.36krcnd.com/201808/10110821/zlcn7mj7kq5aqyir!heading,2018-08-10T21:31:06+08:00,"[[""市场"",1],[""大公司"",1],[""三星"",2],[""智能手机"",2],[""智能家电"",2],[""芯片"",2],[""财报"",2],[""股票"",2]]",0
5147632,打工者思维就是抱着为别人做事的心态，而不是为自己做事的心态在工作。,职场漫谈,毁掉你的不是打工，是打工者思维,https://pic.36krcnd.com/201808/10083131/h1mfoiyjz3i7vyc8!heading,2018-08-10T21:16:04+08:00,"[[""大公司"",1],[""职场"",1],[""去哪儿"",2],[""微信"",2]]",0
5146057,“数据就像自来水存放在水库，而我们提供的是水管”，创始人兼CEO汤寒林描述，数据宝本质上提供的是一个通道，数据在平台上不做留存。,企业服务,做可信数据的管道，「数据宝」获海尔资本A+轮融资,https://pic.36krcnd.com/201808/10131126/k5ygad8mkhf35e8u!heading,2018-08-10T21:13:00+08:00,"[[""企业服务"",1],[""人工智能"",1],[""大数据"",2]]",0
5147650,懂得并运用“可供性”，就能具备了成为一流设计者的潜质。,商学院,如何创造超一流产品？你需要知道“可供性”,https://pic.36krcnd.com/201808/10094909/ynbm8r72bq2rdomu!heading,2018-08-10T21:12:04+08:00,"[[""大公司"",1],[""体育"",1],[""人工智能"",1],[""星巴克"",2],[""联想"",2],[""微信"",2],[""文化"",2],[""情感"",2]]",0
13391,未来AI将像水、电、煤一样成为我们身边的基本资源。,商业·氪视频,数据、算力、算法，AI 修缮长城没你想的那么简单,https://pic.36krcnd.com/201808/10113834/sp9uc692wsxj0muk!heading,2018-08-10T20:39:06+08:00,"[[""人工智能"",1],[""英特尔"",2],[""无人机"",2]]",0
13317,不管是传统滑板，还是电动滑板都不可避免的会受到地形的影响只有在城市平坦的街道上我们才能见到哥哥姐姐乘着滑板的帅气身姿但今天要为大家介绍一款极为霸气的电动滑板这款电动滑板最大的亮点就是它极强的越野能力,科技·氪视频,手机可控制的智能电动滑板车，可承重700公斤，时速达32公里,https://pic.36krcnd.com/201808/10072700/9ce2qlju2yfabxq5!heading,2018-08-10T20:05:40+08:00,"[[""前沿科技"",1],[""智能出行"",2]]",0
5145752,独处最有益的地方不在于逃避身外的世界，而是寻找另一种融入世界的方式。,One More Thing,我们为什么需要独处？又该如何独处？,https://pic.36krcnd.com/201808/10093102/k1c1gjsmo47rnf4b!heading,2018-08-10T20:02:04+08:00,"[[""社交"",1],[""职场社交"",2]]",0
5147671,中国恒大集团即将令其亿万富豪董事长更加富有。,人物,恒大考虑派发特别股息，持股约78%的许家印身家将离马化腾更近一步,https://pic.36krcnd.com/201808/10115546/z68f77v01yy6fsr7!heading,2018-08-10T19:57:28+08:00,"[[""金融"",1],[""地产大佬"",1],[""大公司"",1],[""股票"",2],[""许家印"",2],[""恒大"",2],[""财报"",2],[""香港"",2]]",0
5147667,第一份工作往往都不是理想工作,职场漫谈,95后平均7个月就离职，超7成第一份工作与专业无关,https://pic.36krcnd.com/201808/10113750/31u8k5uwbbe1d9un!heading,2018-08-10T19:55:15+08:00,"[[""教育"",1],[""金融"",1],[""人工智能"",1],[""芯片"",2],[""微信"",2],[""人力资源"",2],[""硅谷"",2],[""合伙人"",2]]",0
5147607,当80后步入中年，90后“佛系”养生，新生力量00后的世界应该如何描述？,One More Thing,80后步入中年，90后“佛系”养生，00后的世界该如何描述？,https://pic.36krcnd.com/201808/10113946/5fb8avwmcmqdzgee!heading,2018-08-10T19:42:07+08:00,"[[""社交"",1],[""教育"",1]]",0
5147641,“对有些人来说，没有钱的时候很有情怀，有钱了就情怀不够了”,人物,大佬言论 | 王石：有些人没钱时很有情怀，有钱时情怀不够,https://pic.36krcnd.com/201808/10091514/hzzes1nxgyvgq96w!heading,2018-08-10T19:27:07+08:00,,0
5147664,2014年确立“泰坦计划”，彼时苹果是想自己生产汽车，打造汽车界的“iPhone”，并在2019年亮相。,36氪每日商业精选,深度资讯丨传苹果将推新能源汽车，但大概率还不是苹果的车,https://pic.36krcnd.com/201808/10112314/yvhythfjv5e5ua6q!heading,2018-08-10T19:23:19+08:00,,0
5147535,从运营城市、多项服务和总市场份额来看，Ola 的数据似乎都要好于 Uber。,汽车交通,Uber劲敌Ola成长史,https://pic.36krcnd.com/201808/10024837/jeg1en815kbt59wc!heading,2018-08-10T19:12:56+08:00,"[[""大公司"",1],[""出海"",1],[""投资机构"",1],[""软银"",2],[""老虎基金"",2],[""腾讯"",2],[""淡马锡"",2],[""招聘"",2]]",0
5147666,比新闻还精彩的网友神回复，一起来看~,大公司,科技神回复 | 三星发布Galaxy Note 9售价7499起，一位没钱的网友转身离去,https://pic.36krcnd.com/201808/10110248/1e6ce4qhvrykd1f1!heading,2018-08-10T19:03:45+08:00,"[[""科技神回复"",1],[""三星"",2],[""阿里巴巴"",2],[""苹果"",2]]",0
5147646,三线以下的用户对产品的体验没那么挑剔,大公司,最前线 | 趣头条计划九月在美股上市，资讯行业的“拼多多”最终估值会是多少？,https://pic.36krcnd.com/201808/10104524/z5voz6ce1ogn62ja!heading,2018-08-10T19:01:30+08:00,"[[""大公司"",1],[""媒体"",1],[""城市"",1],[""腾讯"",2],[""今日头条"",2]]",0
5147633,谷歌若归华，对百度、腾讯、阿里等本土巨头来说意味着什么？,大公司,谷歌回归中国大猜想：五个赢家、四个输家、三个问题,https://pic.36krcnd.com/201808/10105418/lutf2sh2iwaaxe4e!heading,2018-08-10T18:56:04+08:00,"[[""大公司"",1],[""谷歌"",2],[""百度"",2],[""阿里巴巴"",2],[""Facebook"",2],[""腾讯"",2],[""搜狗"",2],[""今日头条"",2]]",0
5147659,新世代的报销方式来了：使用区块链电子发票。,区块链,星球日报 | 全国首张区块链电子发票在深圳亮相；苹果今日下架多个加密钱包软件；工信部提出开展区块链技术应用试点,https://pic.36krcnd.com/201808/10104800/e6enfr69u1q0pfh0!heading,2018-08-10T18:55:56+08:00,"[[""企业服务"",1],[""金融"",1],[""大公司"",1],[""区块链"",2],[""支付"",2],[""苹果"",2],[""比特币"",2],[""卫星"",2]]",0
5147661,当星巴克转战外卖时，瑞幸正在向2000家店加速迈进，届时咖啡这场比赛更好看。,消费,星巴克的“拒”鹿之战,https://pic.36krcnd.com/201808/10104622/y6sx33d4xhx2inyc!heading,2018-08-10T18:47:22+08:00,"[[""大公司"",1],[""消费"",1],[""餐饮"",1],[""星巴克"",2],[""新零售"",2],[""阿里巴巴"",2],[""零售"",2]]",0
13324,看首发，来ZEALER！这次的主角是拉开秋季新机潮序幕的三星Note 9。多数人都把Note和大尺寸绑在一起，但作为Note的开创者，三星认为笔才是核心，并付诸了行动。那么新的S-Pen和Note 9究竟有哪些提升呢？就让王自如来告诉你吧。,科技·氪视频,「ZEALER出品」三星 Note 9 快速上手,https://pic.36krcnd.com/201808/10074055/pq2avxc411q8axw2!heading,2018-08-10T18:40:47+08:00,[],0
5147660,保持警惕，静观其变。,区块链,西班牙央行：央行数字货币可改善货币政策，但仍面临技术与金融风险,https://pic.36krcnd.com/201808/10103343/ahynof1s68xkuw6o!heading,2018-08-10T18:38:01+08:00,"[[""金融"",1],[""企业服务"",1],[""大公司"",1],[""银行"",2],[""区块链"",2],[""支付"",2],[""微信"",2]]",0
5147519,西方的教学体系中有完整的学术教育内容，但目前国内还缺少本土化的课程体系。,教育,学术能力如何培养？「知路研修」联合世界知名学者打造学术课程体系,https://pic.36krcnd.com/201808/10060122/ymirhk7thi99i89w!heading,2018-08-10T18:32:22+08:00,,0
5147654,本周，各国政府加大对区块链技术投入力度，中小国家推进数字货币在本国发展。,区块链,政策周报 | 全球11家金融监管机构组建联盟，推出区块链全球沙箱； SEC将比特币ETF申请的最终决定日期推迟至9月（8.4-8.10）,https://pic.36krcnd.com/201808/10101241/tgq1z1vhaxiub05v!heading,2018-08-10T18:27:24+08:00,"[[""金融"",1],[""前沿科技"",1],[""区块链"",2]]",0
13353,太阳能汽车似乎一直只是一个梦想，但这个梦想看来要实现了。成立于2016年的德国初创公司Sono Motors推出了一款集成太阳能并适合日常使用的创新经济型电动汽车Sion。,科技·氪视频,全球首款太阳能汽车，售价不到13万元,https://pic.36krcnd.com/201808/10102421/z4zb86y86673s14j!heading,2018-08-10T18:27:13+08:00,"[[""汽车"",1],[""新能源"",2]]",0
5147625,乐华、麦锐等新偶像类公司正在发起中国偶像产业联盟，以形成新的力量。,氪星晚报,氪星晚报 | 趣头条回应上市；小鸣单车回收价每辆12元；侯毅称中国零售落后世界至少十年,https://pic.36krcnd.com/201808/10102059/l9h4itk3h20i8p37!heading,2018-08-10T18:27:00+08:00,"[[""小程序"",1],[""金融"",1],[""大公司"",1],[""支付宝"",2],[""腾讯"",2],[""星巴克"",2],[""阿里巴巴"",2],[""苹果"",2]]",0
5147655,解决小B外贸商户的跨境支付痛点，是一门好生意吗？,金融,贸易摩擦导致汇率不稳定，XTransfer想以离岸开户和锁汇产品切入跨境支付,https://pic.36krcnd.com/201808/10102016/jyx28yv9eolh0kwb!heading,2018-08-10T18:23:42+08:00,"[[""金融"",1],[""投资机构"",1],[""大公司"",1],[""银行"",2],[""蚂蚁金服"",2],[""支付"",2],[""支付宝"",2],[""阿里巴巴"",2]]",0
5147537,与其通过“拉用户”的方式去做一个新的平台，不如通过“内容+人脉”这一服务过程进行自然的关系沉淀,教育,获数千万人民币 B 轮融资，职场学习社区「小灯塔」想讲一个中国版 LinkedIn 的故事,https://pic.36krcnd.com/201808/10101934/z753gxlsc1d6ye8e!heading,2018-08-10T18:20:38+08:00,"[[""教育"",1],[""职业教育"",2]]",0
5147651,如果谷歌回到中国，同时进来的不止是谷歌，Youtube、谷歌地图、Gmail，乃至更多的其他科技巨头都开始进入中国，百度视频、百度地图是否还能坚持下去？,大公司,谷歌搜索没能垄断的市场，告诉我们百度“再赢一次”的机会有多大,https://pic.36krcnd.com/201808/10095520/dm31wdfh3merlnh8!heading,2018-08-10T17:56:04+08:00,"[[""大公司"",1],[""文娱"",1],[""社交"",1],[""谷歌"",2],[""雅虎"",2],[""百度"",2],[""软银"",2],[""三星"",2]]",0
5147649,刻意隐匿的声名和复杂的角色定位，让外界对这位老虎基金前操盘手充满了好奇。,人物,资本推手谭海男：成长期投资术,https://pic.36krcnd.com/201808/10093837/8vka3qccexz6tr8h!heading,2018-08-10T17:54:05+08:00,"[[""投资机构"",1],[""投资"",1],[""交通出行"",1],[""老虎基金"",2],[""汽车金融"",2],[""车易拍"",2],[""华平投资"",2],[""美团点评"",2]]",0
5147504,整个出海赛道处于一个螺旋上升的过程，对精细化运营的要求也越来越高。,娱乐,3 年获取全球 4 亿用户，从自拍 app Ufoto 看工具出海,https://pic.36krcnd.com/201808/09163933/lxvz3opuaanrrw8q!heading,2018-08-10T17:49:13+08:00,"[[""出海"",1],[""大公司"",1],[""投资机构"",1],[""谷歌"",2],[""兰馨亚洲"",2],[""社交媒体"",2],[""芯片"",2],[""直播"",2]]",0
5147648,根据工商信息，恒大法拉第未来注册资本为20亿美元，登记在广州市南沙区。有报道称，恒大法拉第未来将于本月内进行揭牌。,汽车交通,贾跃亭“造车梦”再进一步：恒大法拉第未来落户广州南沙，注册资本20亿美元,https://pic.36krcnd.com/201808/10093631/xobe4mit1rp8926h!heading,2018-08-10T17:36:47+08:00,"[[""智能硬件"",1],[""投资"",1],[""金融"",1],[""智能汽车"",2],[""支付"",2],[""恒大"",2],[""港股"",2],[""招聘"",2]]",0
13339,8月8日，波音CEO丹尼斯·米伦伯格接受采访称，自家火箭肯定是首发上火星，而且不用担心有去无回。波音火箭值得信赖！,科技·氪视频,波音CEO：第一个上火星的人，一定是坐波音火箭上去的,https://pic.36krcnd.com/201808/10081823/dpfbrmc25wm04bpn!heading,2018-08-10T17:31:37+08:00,"[[""交通出行"",1],[""消费"",1],[""大公司"",1],[""企业服务"",1],[""前沿科技"",1],[""工业4.0"",1],[""人物"",1],[""投资"",1],[""海外"",1],[""市场"",1]]",0
5147643,因为一次意外停电，王坚博士演讲视频的前13分钟只能以现场录音的形式呈献给诸位，但也因为这次停电，造就了一次不完美的完美演讲。,人物,阿里云创始人王坚：数据资源会对城市产生什么样的影响,https://pic.36krcnd.com/201808/10092734/maul3wrpi7gtl63o!heading,2018-08-10T17:31:29+08:00,"[[""大公司"",1],[""企业服务"",1],[""物联网"",1],[""阿里云"",2],[""云计算"",2],[""智慧城市"",2],[""阿里巴巴"",2],[""大数据"",2]]",0
5147622,每天推出的特价单品只不过是麦当劳引流的诱饵，通过低价单品将消费者吸引到店里，然后再诱惑消费者购买其他商品，提高客单价。,消费,麦当劳周年促销，价格歧视背后都是套路,https://pic.36krcnd.com/201808/10081309/pm2mnsyg01oi5orj!heading,2018-08-10T17:31:05+08:00,"[[""消费"",1],[""大公司"",1],[""旅游"",1],[""奢侈品"",2],[""淘宝"",2],[""京东"",2],[""微信"",2],[""机票"",2]]",0
5147638,牌照交易也催生了一个隐秘的市场。,金融,1分钟知识锦囊 | 拼多多和滴滴都要买的支付牌照，到底是干什么用的？,https://pic.36krcnd.com/201808/10092200/cv5nqqkyk350uqff!heading,2018-08-10T17:24:36+08:00,"[[""金融"",1],[""投资机构"",1],[""大公司"",1],[""支付"",2],[""支付宝"",2],[""蚂蚁金服"",2],[""理财"",2],[""保险"",2]]",0
5146006,博学多才之人更容易发现真理。,职场漫谈,为什么说未来属于“通才”而不是“专才”？,https://pic.36krcnd.com/201807/31142639/5vlodpj7onsq10rn!heading,2018-08-10T17:21:04+08:00,"[[""深度"",1],[""办公室谈资"",2]]",0
5147640,流量套餐竞争激烈，用户还看得上“5元30M”的中国移动吗？,大公司,流量套餐竞争激烈，用户还看得上“5元30M”的中国移动吗？,https://pic.36krcnd.com/201808/10091338/2azg61jxtsrfjb46!heading,2018-08-10T17:13:41+08:00,"[[""大公司"",1],[""物联网"",1],[""教育"",1],[""中国移动"",2],[""中国联通"",2],[""腾讯"",2],[""百度"",2],[""财报"",2]]",0
5147636,IBM说，他们制造这个AI病毒，是为了研究AI在危险分子手里会被拿来干什么坏事。,人工智能,IBM新创AI病毒：想打谁就打谁，看脸发作绝不误伤，隐蔽性极强,https://pic.36krcnd.com/201808/10090858/bdpflx9k0kfc3mob!heading,2018-08-10T17:09:02+08:00,"[[""人工智能"",1],[""金融"",1],[""教育"",1],[""人脸识别"",2],[""语音识别"",2],[""比特币"",2],[""数据分析"",2],[""安全"",2]]",0
5147637,Doug Field 已在本周四重回苹果报到,汽车交通,原特斯拉高级工程副总裁重返苹果，加入绝密造车计划,https://pic.36krcnd.com/201808/10090335/3rqnv0kt74jk78sh!heading,2018-08-10T17:04:20+08:00,"[[""大公司"",1],[""智能硬件"",1],[""苹果"",2],[""特斯拉"",2],[""硬件"",2],[""微信"",2],[""大众"",2]]",0
5147557,没有一个城市规划师能考虑到每个人的活动和想法，而每一个居民的数据可以,人物,大佬言论 | 王坚：城市的所有问题，都是规划师“规划”出来的,https://pic.36krcnd.com/201808/10030637/kqqh8hnx51hw6hg1!heading,2018-08-10T17:04:04+08:00,,0
5147550,买手制不仅可以帮你挑到好看的衣服，还能帮你选择好吃的食物。,大公司,盒马侯毅：腐败让传统零售全面溃败，买手制是出路,https://pic.36krcnd.com/201808/10085751/9bv929mbncycrksl!heading,2018-08-10T17:03:28+08:00,"[[""消费"",1],[""电商"",1],[""房地产"",1],[""新零售"",2],[""零售"",2],[""上海"",2]]",0
5147562,多处理几次复杂工作，你的能力就会越来越强，复杂工作也就不再复杂了。,职场漫谈,如何高效完成一项复杂工作任务？,https://pic.36krcnd.com/201808/10033410/zoalp1dtu9oe5p8i!heading,2018-08-10T17:02:20+08:00,"[[""大公司"",1],[""工业4.0"",1],[""金融"",1],[""阿里巴巴"",2],[""印刷"",2],[""小米"",2],[""支付"",2],[""团队协作"",2]]",0
5147619,互联网暴力的存在，依赖于我们每个人对待它的态度；而那些被喷的人，需要我们更多支持。,社交,“网上就是喷子多，别理他们就行了”？这种想法从根上就错了,https://pic.36krcnd.com/201808/10075742/ijfzs5llrmkgpboe!heading,2018-08-10T17:01:05+08:00,"[[""游戏"",1],[""大公司"",1],[""文娱"",1],[""微信"",2],[""文化"",2],[""社区"",2]]",0
5147635,给人人网点一首回到过去吧，但，故事不再继续。,社交,人人网往事：缩水了98%的市值和一代人的青春,https://pic.36krcnd.com/201808/10090040/dj8m4kmd3qqkcvee!heading,2018-08-10T17:00:55+08:00,"[[""大公司"",1],[""金融"",1],[""媒体"",1],[""微博"",2],[""知乎"",2],[""微信"",2],[""内容创业"",2],[""高等教育"",2]]",0
5147630,近年来，食品分量“缩水”已经成为食品行业的明显趋势。为了变相涨价，食品企业使出了浑身解数，简直是花样百出……然而，这么做合法吗？,消费,为何可乐和薯片20年都不怎么涨价？答案令人大吃一惊,https://pic.36krcnd.com/201808/10082132/eykxguzwmxrqf2ds!heading,2018-08-10T16:23:45+08:00,"[[""大公司"",1],[""企业服务"",1],[""电商"",1],[""可口可乐"",2],[""广告营销"",2],[""消费升级"",2],[""微信"",2],[""法律"",2]]",0
5147626,母婴儿童产业已经到来和即将到来的二十个小风口,消费,2018年母婴儿童产业的二十个小风口,https://pic.36krcnd.com/201808/10082015/hgomenvmthwi1i1m!heading,2018-08-10T16:20:59+08:00,,0
5147629,区块链是改革，还是革命。,区块链,BAT、京东、网易抢滩区块链，将开启新时代，还是跌入泡沫？,https://pic.36krcnd.com/201808/10081518/57oz9i0cloolqt6o!heading,2018-08-10T16:18:18+08:00,"[[""企业服务"",1],[""投资机构"",1],[""大公司"",1],[""区块链"",2],[""蚂蚁金服"",2],[""京东"",2],[""腾讯"",2],[""网易"",2]]",0
5147601,看看你的城市在不在坑死路痴名单上吧！,内容,我们评选了全球最不欢迎路痴的7座城市，8D重庆还不是最变态的,https://pic.36krcnd.com/201808/10071740/nryep9p6uah9snnm!heading,2018-08-10T16:05:17+08:00,"[[""大公司"",1],[""小程序"",1],[""城市"",1],[""谷歌"",2],[""微信"",2],[""重庆"",2],[""天津"",2],[""武汉"",2]]",0
5147575,更容易产生愧疚感的人更加忠于组织。他们工作更努力，向别人推荐自己所在的组织的可能性更高。,职场漫谈,常有愧疚感，你可能有当个好领导的潜质,https://pic.36krcnd.com/201808/10040827/gwdsn1sz4qbw7nzp!heading,2018-08-10T15:41:04+08:00,"[[""大公司"",1],[""人工智能"",1],[""微信"",2],[""情感"",2]]",0
5147384,完全无种族偏见（不仅仅是消除肤色的影响）的人脸识别，真的有可能实现吗？,人工智能,技术真的能中立吗？人脸识别将无可避免地带来歧视,https://pic.36krcnd.com/201808/09042555/4i2n31csa94visvd!heading,2018-08-10T15:40:36+08:00,"[[""人工智能"",1],[""企业服务"",1],[""大公司"",1],[""人脸识别"",2],[""数据库"",2],[""微软"",2],[""银行"",2],[""亚马逊"",2]]",0
5147572,自由职业者通过建立和保持“解放性联结”，自己创造出支持环境。这些联结让人们成为自由创造的个体，同时让他们与工作结合在一起，保持产出效率。,职场漫谈,自由职业者成功指南,https://pic.36krcnd.com/201808/10035840/f1k1568ajrfbbvto!heading,2018-08-10T15:39:04+08:00,"[[""文娱"",1],[""教育"",1],[""大公司"",1],[""音乐"",2],[""微信"",2],[""安全"",2],[""电影"",2]]",0
5146106,趁热打铁、提高价格、免费服务变现。,技能Get,通往“被动收入”的漫漫长路（二）：月收入从100美元增加到1000美元,https://pic.36krcnd.com/201808/09070827/17rcq6sl3ox1uw16!heading,2018-08-10T15:28:02+08:00,"[[""大公司"",1],[""市场"",1],[""谷歌"",2]]",0
5147618,抖音成了MCN（Multi-Channel Network）必争之地。,大公司,抖音吸粉，微博赚钱？,https://pic.36krcnd.com/201808/10071344/nnwoxryq7quee7dp!heading,2018-08-10T15:19:31+08:00,"[[""大公司"",1],[""文娱"",1],[""电商"",1],[""微博"",2],[""短视频"",2],[""微信"",2],[""网红孵化"",2],[""小红书"",2]]",0
5147617,真融宝吴雅楠强调：“金融是一个需要沉淀的行业，其本质是风控，而不是规模和速度。”,金融,真融宝吴雅楠谈P2P下半场：本质是风控，规模和速度不是关键,https://pic.36krcnd.com/201808/10071414/r45lyjej7x2woznc!heading,2018-08-10T15:15:48+08:00,,0
5147577,现如今自媒体从业者的规模和体量爆发式增长，越来越多的品牌主开始认可、并借力自媒体为品牌打造声量。,内容,自媒体狂热时代，品牌如何更好的发声？,https://pic.36krcnd.com/201808/10054922/zqbo0wzsezvacsli!heading,2018-08-10T15:12:21+08:00,"[[""媒体"",1],[""大公司"",1],[""文娱"",1],[""自媒体"",2],[""微博"",2],[""小米"",2],[""短视频"",2],[""苹果"",2]]",0
13113,最近ZEALER办公室新来了个小伙伴。有同事喜欢Ta颜值高，有人赞Ta干活儿有效率。连小辛都夸Ta这三个优点。Ta凭什么赢得小辛的心呢？点进本期视频一探究竟。,科技·氪视频,小辛夸它这三点好 惠普 M433a 数码复合机体验,https://pic.36krcnd.com/201808/08112919/tfc2y1mfd8wopmsg!heading,2018-08-10T14:48:30+08:00,"[[""智能硬件"",1],[""惠普"",2]]",0
5147611,直到危机爆发，才忽然发现企业品牌有这么多课要补。花大价钱做了多年的品牌建设，受众却不知道你真正提倡什么，反对什么。,One More Thing,凡是能用钱解决的，都不是真正的危机,https://pic.36krcnd.com/201808/10064026/fmhcxbdt3mu1798i!heading,2018-08-10T14:40:46+08:00,"[[""房企"",1],[""媒体"",1],[""大公司"",1],[""房产"",2]]",0
5147610,高周转对房企统筹各种资源的能力提出了更高的要求，开发速度、业绩目标必须与能力相匹配。,大公司,一个地产项目高周转背后的潜规则,https://pic.36krcnd.com/201808/10063326/oxqznoncntym2b2h!heading,2018-08-10T14:33:41+08:00,"[[""房企"",1],[""金融"",1],[""大公司"",1],[""房地产"",1],[""银行"",2],[""房产"",2]]",0
5146914,帮女性真正撑起半边天～,内容,要做职场女性领域的“得到+混沌大学”，「睿问」在上海落地女性创业空间,https://pic.36krcnd.com/201808/09154511/e1vpdseefr51hqzg!heading,2018-08-10T14:25:09+08:00,"[[""社交"",1],[""大公司"",1],[""媒体"",1],[""社群"",2],[""微信"",2],[""自媒体"",2],[""创新工场"",2],[""可口可乐"",2]]",0
5147546,随着4G、大数据、移动支付和相关软硬件技术的发展，移动音频的应用场景及商业模式正愈加成熟，成为移动端用户追捧的娱乐消费方式。,娱乐,创丰资本研报 | 耳朵经济——移动音频行业深度研究报告,https://pic.36krcnd.com/201808/10030119/ev5wvu6ov3imbq1j!heading,2018-08-10T14:23:01+08:00,"[[""投资机构"",1],[""文娱"",1],[""社交"",1],[""创丰资本"",2],[""直播"",2],[""自媒体"",2]]",0
5147608,稳地价、稳房价、稳预期。,金融,刚需族笑了，跌了半年的地产股终于喘口气,https://pic.36krcnd.com/201808/10061527/36qctdydl3tyb2xy!heading,2018-08-10T14:15:45+08:00,"[[""存量房"",1],[""金融"",1],[""大公司"",1],[""房地产"",1],[""政策"",1],[""银行"",2]]",0
5147605,后悔药哪买，不要轻易钻政策的漏洞,One More Thing,深圳731房产新政：离婚与买房的那场事故,https://pic.36krcnd.com/201808/10060253/f0cdp9adwlmxg7xb!heading,2018-08-10T14:03:11+08:00,"[[""大公司"",1],[""市场"",1],[""房地产"",1],[""政策"",1],[""房价"",2],[""房产"",2],[""深圳"",2]]",0
5147597,此次厦门房价下跌有着不容小觑的启示意义，这既给“炒房客拉升房价，刚需族接盘”的模式带来了震慑，又给房价过高的二三四线敲响了警钟。,旅游,用“崩盘”形容厦门楼市，未免有点扯,https://pic.36krcnd.com/201808/10055505/ge0s73irmlzqvcqj!heading,2018-08-10T13:55:27+08:00,"[[""投资"",1],[""商业地产"",1],[""市场"",1],[""住宅"",1],[""政策"",1],[""房价"",2]]",0
5147595,韩国最近在区块链领域活跃度挺高。,区块链,国家叫你来开小灶，韩国推出区块链青年培训计划,https://pic.36krcnd.com/201808/10052931/pe9x218ml7r309dt!heading,2018-08-10T13:41:05+08:00,"[[""企业服务"",1],[""金融"",1],[""大公司"",1],[""区块链"",2],[""微信"",2],[""通信"",2]]",0
5147596,电子发票和区块链技术似乎真的天然契合。,区块链,深圳开出特区内首张官方认证区块链电子发票，消费者可一键申请开票、报销,https://pic.36krcnd.com/201808/10053202/acthmai0kahbqfg8!heading,2018-08-10T13:38:48+08:00,"[[""企业服务"",1],[""大公司"",1],[""媒体"",1],[""区块链"",2],[""腾讯"",2],[""微信"",2],[""阿里云"",2],[""深圳"",2]]",0
5147534,用户懒与不懒是相对的，我们需要的是找到不断促使用户参与的点！,技能Get,用户一个比一个懒，运营应该怎么办？,https://pic.36krcnd.com/201808/10030117/qp8ocybvhuv8werk!heading,2018-08-10T13:38:04+08:00,"[[""教育"",1],[""运营干货"",2],[""数据分析"",2]]",0
5146117,文章将介绍可复制的转化率增长策略，这些策略是被市场验证过的、可行的。,技能Get,关于转化率，你知道的可能都是错的,https://pic.36krcnd.com/201808/01070954/ydzca8fmyws5jjx9!heading,2018-08-10T13:35:18+08:00,"[[""金融"",1],[""大公司"",1],[""数据分析"",2],[""社区"",2]]",0
5147594,香港银行业赚钱越来越不容易。,One More Thing,汇丰等香港银行齐调高按揭利率，专家称对楼市影响甚微,https://pic.36krcnd.com/201808/10053204/f8tlhn5mp3g2o3i2!heading,2018-08-10T13:32:14+08:00,"[[""金融"",1],[""大公司"",1],[""城市"",1],[""政策"",1],[""银行"",2],[""香港"",2]]",0
5147588,“中国零售业不是消费者导向，而是供应商导向”,人物,大佬言论 | 侯毅：中国零售业落后全世界至少十年,https://pic.36krcnd.com/201808/10050146/4dtod848rcxcmzfo!heading,2018-08-10T13:28:13+08:00,,0
5147590,媒体获悉，8月9日，工行和农行均将上海首套房利率折扣从95折降至9折。工行上海分行一房贷经理称，缺单子，客户一定要9折，建行一直执行首套房9折。媒体称，中行近几个月维持首套房9折。,One More Thing,回归9折！工行、农行同日调整上海首套房利率折扣,https://pic.36krcnd.com/201808/10052421/cttzxjdw8p018pp7!heading,2018-08-10T13:24:34+08:00,"[[""金融"",1],[""城市"",1],[""政策"",1],[""房地产"",1],[""住宅"",1],[""上海"",2],[""二手房"",2]]",0
13308,"“全民健身日”来临，Apple 在8月6日下午上海浦东总部举行一个 ""圆环满起来"" 小型展览，邀请了Apple Watch app 的开发者到来讲解 app 背后的开发理念。",科技·氪视频,跟着Apple Watch，燃烧你的卡路里,https://pic.36krcnd.com/201808/10045542/7aid0ktm63gy2mx7!heading,2018-08-10T13:13:29+08:00,"[[""体育"",1],[""前沿科技"",1],[""人工智能"",1],[""苹果"",2],[""智能健康"",2],[""智能生活"",2],[""智能手表"",2],[""可穿戴设备"",2]]",0
5147133,意识到可能的后果，可以帮助我们做出更好的选择；关键是能够预见尽可能多的不同结果。,读书,想要看到未来？可以从这40部虚构作品开始（电影、小说、电视剧）,https://pic.36krcnd.com/201808/08010754/63gq5474x305epbb!heading,2018-08-10T13:08:17+08:00,"[[""人工智能"",1],[""游戏"",1],[""教育"",1],[""机器人"",2],[""影视"",2],[""电影"",2],[""法律"",2],[""情感"",2]]",0
5147586,每辆单车12元是扣除回收、运输及电子垃圾处理等费用后的净价。,汽车交通,小鸣单车破产后续：单车将以每辆12元被回收,https://pic.36krcnd.com/201808/10045901/ftvu9aaktf47hthp!heading,2018-08-10T12:59:54+08:00,"[[""交通出行"",1],[""大公司"",1],[""城市"",1],[""共享单车"",2],[""腾讯"",2],[""广州"",2],[""运维"",2],[""家电"",2]]",0
5147583,成功爷们儿之间的情谊长什么样？,人物,左手王石，右手汪建,https://pic.36krcnd.com/201808/10044405/5le4d28oosrnu383!heading,2018-08-10T12:44:10+08:00,"[[""大公司"",1],[""地产大佬"",1],[""教育"",1],[""万科"",2],[""王石"",2],[""游学"",2],[""股票"",2],[""银行"",2]]",0
5147580,特斯拉还背负着四十多万Model 3的订单，并且市场上还有很多嗷嗷待哺的用户提不到车，这对特斯拉来说，应该是幸福还是烦恼？,大公司,马斯克打响“退市”第一枪：AI芯片半年上市，完全自动驾驶也要来,https://pic.36krcnd.com/201808/10043202/m6yqqzwpxksgcw0k!heading,2018-08-10T12:32:36+08:00,"[[""大公司"",1],[""人工智能"",1],[""智能硬件"",1],[""特斯拉"",2],[""芯片"",2],[""硬件"",2],[""英伟达"",2],[""证券"",2]]",0
5147532,老牌玩家、初创公司接踵而至。2018年会是区块链智能手机的一年吗？,区块链,真科技还是伪概念？区块链智能手机了解一下,https://pic.36krcnd.com/201808/10014820/e412lrl44ezgzrto!heading,2018-08-10T12:22:13+08:00,"[[""企业服务"",1],[""消费"",1],[""大公司"",1],[""区块链"",2],[""智能手机"",2],[""华为"",2],[""比特币"",2],[""富士康"",2]]",0
5147566,目前 nano 钱包、比特派钱包、HyperPay 已无法在美国地区 App Store 搜索下载。,区块链,下架2万余博彩应用之后，苹果商店要对数字钱包下手了？,https://pic.36krcnd.com/201808/10033401/wwxa3sq7ybm8nusx!heading,2018-08-10T12:22:01+08:00,"[[""大公司"",1],[""金融"",1],[""企业服务"",1],[""苹果"",2],[""彩票"",2],[""证券"",2],[""区块链"",2],[""谷歌"",2]]",0
5146798,游戏两大特色：一是要“写英语作文”，二是死了就删档。,娱乐,文字角色扮演游戏“末日战场MUD”：风靡全球几十年，国内却没几个人听说过,https://pic.36krcnd.com/201808/10040929/5847hr8riarkym3z!heading,2018-08-10T12:10:27+08:00,"[[""游戏"",1],[""文娱"",1],[""艺术"",2]]",0
5147565,我没有粉丝也赚钱，我有粉丝还赚钱,人物,大佬言论 | 李笑来：我赚的钱跟流量一点关系都没有,https://pic.36krcnd.com/201808/10032902/uy2f120tp010vu67!heading,2018-08-10T12:02:39+08:00,,0
5147325,这种起起伏伏并不新鲜，因为人性从古至今并没有什么变化,区块链,硅谷早知道丨#22 币圈过山车何时能停？,https://pic.36krcnd.com/201808/09013757/p0g4elzj8zflzgcf!heading,2018-08-10T12:01:04+08:00,"[[""金融"",1],[""比特币"",2]]",0
5147471,微博交给投资人的财报亮眼：营收利润保持高两位数增长，日活月活用户数也有小幅上升。,36氪每日商业精选,深度资讯丨二季度财报亮眼，微博找到了一些抵御头条系进攻的方法,https://pic.36krcnd.com/201808/09110641/suvasyox7k8zg7j0!heading,2018-08-10T12:00:05+08:00,,0
5147568,鲍师傅糕点的风很大，但走在帝都大马路上，路过十家鲍师傅，可能没有一家是那个真·网红店。,消费,帝都200+家真假鲍师傅近身肉搏战，哪些区域有幸得到“垂帘”？,https://pic.36krcnd.com/201808/10035136/xxdjasg359tr6ovx!heading,2018-08-10T11:55:43+08:00,"[[""文娱"",1],[""大公司"",1],[""旅游"",1],[""网红"",2],[""美团点评"",2],[""北京"",2],[""交通"",2],[""法律"",2]]",0
13296,王石在中国管理全球论坛上表示：万科绝不提倡加班。,商业·氪视频,王石：不给加班费、下班就关灯，万科的不加班技巧,https://pic.36krcnd.com/201808/10034839/xki2fmgdsrnsb1m4!heading,2018-08-10T11:51:05+08:00,"[[""房地产"",1],[""大公司"",1],[""地产大佬"",1],[""人物"",1],[""万科"",2],[""王石"",2]]",0
13278,2018年8月9日23:00，三星Galaxy Note9新品发布会在美国纽约正式拉开帷幕。科技连线 2分钟带你看完发布会,科技·氪视频,2分钟带你看完三星Note9发布会：S Pen成唯一亮点,https://pic.36krcnd.com/201808/10023717/vd88m574apw194v1!heading,2018-08-10T11:37:54+08:00,"[[""大公司"",1],[""智能硬件"",1],[""物联网"",1],[""三星"",2]]",0
5147564,很多人拿枝裕和与小津安二郎、成濑巳喜男对比，但是枝裕和注定不会成为“XX第二”，这个周末他就将创造历史。,娱乐,《小偷家族》将创造历史，就在这个周末,https://pic.36krcnd.com/201808/10032949/e73xd2fdrv0ppcwp!heading,2018-08-10T11:31:44+08:00,"[[""媒体"",1],[""大公司"",1],[""文娱"",1],[""微信"",2],[""电影"",2],[""文化"",2],[""艺术"",2],[""法律"",2]]",0
5147473,相比从头开发自己的业务，不如与有经验的服务当地消费者的企业开展合作。,大公司,从网约车平台到“生活服务Super App”，疯狂扩张的Grab和Go-Jek都逃不过本地化难题,https://pic.36krcnd.com/201808/10024816/jad5y9tu3trqe0hu!heading,2018-08-10T11:26:55+08:00,"[[""物流"",1],[""出海"",1],[""市场"",1],[""东南亚"",2],[""配送"",2],[""金融科技"",2],[""收购"",2],[""家电"",2]]",0
5147563,智能音箱的战争究其原因是未来的入口之争。,手机与硬件,三星推高端智能音箱，但想拳打苹果脚踩亚马逊还早,https://pic.36krcnd.com/201808/10032355/fdtolblmpv5gks1s!heading,2018-08-10T11:25:30+08:00,"[[""大公司"",1],[""人工智能"",1],[""文娱"",1],[""三星"",2],[""亚马逊"",2],[""苹果"",2],[""谷歌"",2],[""网易"",2]]",0
5147542,著名特斯拉空头Mark Spiegel表示，没有人会相信马斯克可以获得资金将公司私有化，因为并没有足够多愚蠢的资金，会以800亿美元的估值购买这家公司。,大公司,特斯拉空头们：私有化？呵呵,https://pic.36krcnd.com/201808/10025038/zkph7ez0q0qzhjij!heading,2018-08-10T11:21:53+08:00,"[[""大公司"",1],[""金融"",1],[""媒体"",1],[""特斯拉"",2],[""股票"",2],[""苹果"",2],[""财报"",2],[""收购"",2]]",0
5147526,其实，百度在海外是真刀真枪地跟Google以及其他互联网巨头PK过的。从出海的角度来说，百度是起了个大早，结果如何呢？,大公司,百度出海那些年：“感觉错过了一个时代”,https://pic.36krcnd.com/201808/10010519/xbjj3zki0od3nkan!heading,2018-08-10T11:19:08+08:00,"[[""大公司"",1],[""出海"",1],[""投资"",1],[""百度"",2],[""腾讯"",2],[""华为"",2],[""雅虎"",2],[""谷歌"",2]]",0
5147551,甘来和李华离开后，不少创业者感叹，行业艰辛，后来者不要轻易选择创业,One More Thing,游戏人间太艰难，业内人士：下半年会有更多游戏公司倒闭,https://pic.36krcnd.com/201808/10025510/u73hds2axx5g0mh5!heading,2018-08-10T11:14:53+08:00,"[[""游戏"",1],[""投资"",1],[""腾讯"",2],[""电竞"",2],[""网易"",2]]",0
5147315,只需9.99美元/月，就能享受免配送费服务。,消费,包月免配送费，美国外卖送餐公司 Doordash 推出订阅服务,https://pic.36krcnd.com/201808/09041135/y7b5j3upd2l4fh83!heading,2018-08-10T11:11:34+08:00,"[[""物流"",1],[""消费"",1],[""餐饮"",1],[""饿了么"",2],[""亚马逊"",2],[""机器学习"",2],[""配送"",2],[""电影"",2]]",0
5146789,游戏体验的提升，不止是依赖昂贵的外设！,娱乐,为开发者提供开放API接口，「VARENA」要用多维度数据提升电竞体验,https://pic.36krcnd.com/201808/07072819/1a54e5kp67jdh6s3!heading,2018-08-10T11:07:12+08:00,"[[""文娱"",1],[""游戏"",1],[""教育"",1],[""电竞"",2],[""直播"",2],[""数据分析"",2],[""腾讯"",2],[""大数据"",2]]",0
5147412,让“要求不亚于瑞士钟表制作工艺”实现自动化~,医疗健康,36氪首发 |「碧利医疗」获数千万元Pre-A轮融资，要实现本土显微手术器械智能制造的“零突破”,https://pic.36krcnd.com/201808/09061124/9w86eg61c5datauf!heading,2018-08-10T11:04:54+08:00,"[[""医疗健康"",1],[""医疗器械"",2],[""机器人"",2]]",0
5147346,工业设备运维领域存在大量的改造空间。,产业升级,工业物联网应用场景丰富，“设备运维”是「炙耘科技」的切入点,https://pic.36krcnd.com/201808/09234035/2kigj5o4luu6ijym!heading,2018-08-10T11:04:29+08:00,"[[""物联网"",1],[""工业4.0"",1],[""数据分析"",2],[""运维"",2],[""硬件"",2],[""监控"",2]]",0
5147005,一个“秘密”影院。,新居住,半年落地 400 家，「贝蜗」借影院改造切入中低档酒店升级,https://pic.36krcnd.com/201808/09185716/dat19o4j40gdg718!heading,2018-08-10T11:04:00+08:00,"[[""文娱"",1],[""旅游"",1],[""企业服务"",1],[""爱奇艺"",2],[""数据分析"",2],[""腾讯"",2],[""硬件"",2],[""影视"",2]]",0
5147552,交易即开票，开票即报销。,金融,36氪首发 | 借助微信支付和区块链，开发票这个痛点终于有救了,https://pic.36krcnd.com/201808/10025157/uvaq6v1xh09n7y03!heading,2018-08-10T10:59:36+08:00,"[[""企业服务"",1],[""大公司"",1],[""金融"",1],[""区块链"",2],[""腾讯"",2],[""支付"",2],[""微信"",2],[""供应链金融"",2]]",0
5147500,像哪吒一样拥有三头六臂！,前沿技术,可远程操控的便携机械臂：控制不了“三头六臂”？让别人帮帮你,https://pic.36krcnd.com/201808/10025832/ajbcldqv8pfp8o3m!heading,2018-08-10T10:58:47+08:00,"[[""前沿科技"",1],[""科技谈资"",2]]",0
5147549,徐式喜剧则更多体现了对社会精英的批评和不屑，这也是该系列影片能够拉近与民众距离的主要原因。,娱乐,“人在囧途”第三部《囧妈》立项，这次徐峥要囧到俄罗斯？,https://pic.36krcnd.com/201808/10024804/7325c3g8qrkkjv2d!heading,2018-08-10T10:50:22+08:00,"[[""文娱"",1],[""出海"",1],[""市场"",1],[""影视"",2],[""电影"",2],[""印度"",2]]",0
5147547,不仅要抓住超级富豪，也要努力获得更多的普通富豪客户和新贵们，这直接推动眼下这场与中资机构的“抢人”大战。,金融,中环富豪争夺战,https://pic.36krcnd.com/201808/10024327/alsusv670zv2e7wk!heading,2018-08-10T10:43:30+08:00,"[[""金融"",1],[""投资"",1],[""城市"",1],[""银行"",2],[""财富管理"",2],[""资产管理"",2],[""股票"",2],[""香港"",2]]",0
13271,01/六大中国手机品牌全球挑战三星苹果02/1.46万 Magic Leap混合显示头显来了03/北京新能源车指标逼近36万04/华为将推出智能音箱05/三星Note9顶配8GB内存 S Pen是点睛之笔,科技·氪视频,科技头条：三星Note9想用蓝牙笔战胜苹果，北京汽车摇号要再等七年,https://pic.36krcnd.com/201808/10022414/x9qoad29n79xdk1k!heading,2018-08-10T10:24:25+08:00,"[[""大公司"",1],[""智能硬件"",1]]",0
5147491,从「Versa」到「马卡龙玩图」，是创始团队从工具转型社区的决心。,娱乐,"「Versa」更名「马卡龙玩图」，想做移动端的""Photoshop + Instagram""",https://pic.36krcnd.com/201808/10021630/1zobeonc8xbq1oq1!heading,2018-08-10T10:16:58+08:00,"[[""人工智能"",1],[""社交"",1],[""人物"",1],[""芯片"",2],[""社区"",2],[""转型"",2]]",0
5147533,数千万融资将主要用于社区智能化建设、品牌化统一打造及新型项目拓展等方面。,One More Thing,尚科办公社区获数千万元融资,https://pic.36krcnd.com/201808/10020525/ihddjmhk314mpfdb!heading,2018-08-10T10:06:52+08:00,"[[""投资机构"",1],[""金融"",1],[""企业服务"",1],[""赛伯乐投资"",2],[""清控科创"",2],[""共享经济"",2],[""孵化器"",2],[""社群"",2]]",0
5147503,不爱读书的你，也成为了帮凶,手机与硬件,Kindle越卖越好，但墨水屏却因此受到了“诅咒”,https://pic.36krcnd.com/201808/09155601/myqgfkud5iggdtec!heading,2018-08-10T09:58:15+08:00,"[[""大公司"",1],[""金融"",1],[""物联网"",1],[""亚马逊"",2],[""索尼"",2],[""众筹"",2],[""印刷"",2],[""小米"",2]]",0
5146979,淘金者还是送水人，站哪边？,教育,36氪首发 | 「考拉阅读」获 2000 万美元 B 轮融资，要用分级阅读标准卡位语文教育“新风口”,https://pic.36krcnd.com/201808/09135848/sp6658ovmzi77220!heading,2018-08-10T09:55:04+08:00,"[[""教育"",1],[""题库"",2],[""大众"",2]]",0
5147529,“早猜到出事了。”,娱乐,分成翻倍，吴宣仪、孟美岐为何依然要毁约？,https://pic.36krcnd.com/201808/10013226/ytc3jdktdtfjbalh!heading,2018-08-10T09:53:36+08:00,"[[""前沿科技"",1],[""大公司"",1],[""媒体"",1],[""火箭"",2],[""腾讯"",2],[""微博"",2],[""自媒体"",2],[""支付"",2]]",0
5147521,美国证券交易委员会批准VanEck-SolidX比特币交易所交易基金提案的可能性大约为5-10%。,区块链,对于华尔街来说，比特币ETF能否批准值10亿美元,https://pic.36krcnd.com/201808/10002826/tds577oqyq4bfyb2!heading,2018-08-10T09:19:13+08:00,"[[""金融"",1],[""媒体"",1],[""市场"",1],[""比特币"",2],[""保险"",2],[""股票"",2],[""金融科技"",2]]",0
5147525,​摩根士丹利指出，是时候从市场宠儿芯片类股票当中撤离了。,金融,摩根士丹利对芯片股发出警告，科技板块空头阵营又添一员,https://pic.36krcnd.com/201808/10010655/gns6drgrucmwpqm3!heading,2018-08-10T09:16:00+08:00,"[[""投资机构"",1],[""金融"",1],[""人工智能"",1],[""摩根士丹利"",2],[""股票"",2],[""芯片"",2],[""英伟达"",2],[""英特尔"",2]]",0
5147523,工具小程序更懂用户习惯。,企业服务,36氪首发 | 为企业提供新零售转型服务，小程序服务商「酷客多」获启浦投资 5000 万元 A 轮融资,https://pic.36krcnd.com/201808/10010624/ufsc5v4zr6wk32qi!heading,2018-08-10T09:14:09+08:00,"[[""小程序"",1],[""大公司"",1],[""电商"",1],[""微信"",2],[""蘑菇街"",2],[""广告营销"",2],[""共享单车"",2],[""社群"",2]]",0
5147522,你看微博我都不发了，再过一段时间朋友圈我也不发了。,人物,对话李笑来：蹭我流量的人太多，不赞成投项目就是投人说法,https://pic.36krcnd.com/201808/10005250/wpy8318yk0uo2n8t!heading,2018-08-10T09:03:07+08:00,"[[""金融"",1],[""投资"",1],[""区块链"",2],[""比特币"",2],[""股票"",2]]",0
13262,这段时间关于Pixel 3 XL这款旗舰手机的爆料一直没停过，现在连开箱都有了。从开箱视频来看，Pixel 3 XL 正面采用了刘海屏设计，带有下巴，屏幕纵横比为18.5:9，背面依旧采用拼色设计，还是单个摄像头，并带有指纹识别区域，看起来和之前曝光的信息基本相符。,科技·氪视频,开箱都有了 Pixel 3 XL还剩什么？,https://pic.36krcnd.com/201808/09115824/45hgxw0wdxl51l3o!heading,2018-08-10T09:01:05+08:00,"[[""前沿科技"",1],[""谷歌"",2],[""智能手机"",2]]",0
5147329,每个行业都很值去敬畏，因为他们在这个行业非常专业,大公司,微信支付2018：深入传统行业，但不指手画脚,https://pic.36krcnd.com/201808/09081700/tftomcz6yjds8maf!heading,2018-08-10T08:49:10+08:00,"[[""大公司"",1],[""金融"",1],[""消费"",1],[""腾讯"",2],[""支付"",2],[""零售"",2],[""微信"",2],[""支付宝"",2]]",0
13266,日前有报道称智能手机会在没有触发的情况下，会从用户手机附近的对话中收集音频数据，以识别“触发”命令，并且称第三方应用程序会在用户不知道的情况下，获取并使用这种“未触发”的数据。不过苹果公司发表声明，称iPhone不会在等待听取Siri唤醒命令的同时录制音频，Siri也不会共享听到的指令。,科技·氪视频,苹果表示不会监听用户,https://pic.36krcnd.com/201808/09121340/3avkbjt70js52dmz!heading,2018-08-10T08:36:05+08:00,"[[""前沿科技"",1],[""苹果"",2]]",0
